file,symbol,profile,decision_time,strategy,direction,actionability_state,replay_reason_code,execution_authorized,replay_class,candidate_count,confirmation_source,entry_confirmation_complete,higher_timeframe_conflict,continuation_state
AKEUSDT_environment_15m_20_20260722T180000Z.json,AKEUSDT,environment,2026-07-22T02:59:59.999000+00:00,,,,canonical_no_executable_opportunity,False,none,0,,,,
AKEUSDT_environment_15m_20_20260722T180000Z.json,AKEUSDT,environment,2026-07-22T07:59:59.999000+00:00,,,,canonical_no_executable_opportunity,False,none,2,best_available_candidate,,,
AKEUSDT_environment_15m_20_20260722T180000Z.json,AKEUSDT,environment,2026-07-22T12:59:59.999000+00:00,,,,canonical_no_executable_opportunity,False,none,3,best_available_candidate,,,
AKEUSDT_micro_1m_20_20260722T180000Z.json,AKEUSDT,micro,2026-07-22T16:59:59.999000+00:00,,,,canonical_no_executable_opportunity,False,none,2,best_available_candidate,,,
AKEUSDT_micro_1m_20_20260722T180000Z.json,AKEUSDT,micro,2026-07-22T17:19:59.999000+00:00,,,,canonical_no_executable_opportunity,False,none,2,best_available_candidate,,,
AKEUSDT_micro_1m_20_20260722T180000Z.json,AKEUSDT,micro,2026-07-22T17:39:59.999000+00:00,,,,canonical_no_executable_opportunity,False,none,2,best_available_candidate,,,
AKEUSDT_standard_5m_24_20260722T180000Z.json,AKEUSDT,standard,2026-07-22T07:59:59.999000+00:00,,,,canonical_no_executable_opportunity,False,none,2,best_available_candidate,,,
AKEUSDT_standard_5m_24_20260722T180000Z.json,AKEUSDT,standard,2026-07-22T09:59:59.999000+00:00,,,,canonical_no_executable_opportunity,False,none,0,,,,
AKEUSDT_standard_5m_24_20260722T180000Z.json,AKEUSDT,standard,2026-07-22T11:59:59.999000+00:00,,,,canonical_no_executable_opportunity,False,none,0,,,,
AKEUSDT_standard_5m_24_20260722T180000Z.json,AKEUSDT,standard,2026-07-22T13:59:59.999000+00:00,,,,canonical_opportunity_missed_or_chasing,False,none,4,best_available_candidate,,True,unavailable
AKEUSDT_standard_5m_24_20260722T180000Z.json,AKEUSDT,standard,2026-07-22T15:59:59.999000+00:00,compression_expansion,long,retest_preferred,canonical_opportunity_pending_activation,False,conditional,4,setup_with_candidate_fallback,,False,unavailable
BANKUSDT_environment_15m_20_20260722T180000Z.json,BANKUSDT,environment,2026-07-22T02:59:59.999000+00:00,,,,canonical_no_executable_opportunity,False,none,4,best_available_candidate,,,
BANKUSDT_environment_15m_20_20260722T180000Z.json,BANKUSDT,environment,2026-07-22T07:59:59.999000+00:00,,,,canonical_no_executable_opportunity,False,none,2,best_available_candidate,,,
BANKUSDT_environment_15m_20_20260722T180000Z.json,BANKUSDT,environment,2026-07-22T12:59:59.999000+00:00,,,,canonical_no_executable_opportunity,False,none,4,best_available_candidate,,,
BANKUSDT_micro_1m_20_20260722T180000Z.json,BANKUSDT,micro,2026-07-22T16:59:59.999000+00:00,,,,canonical_opportunity_missed_or_chasing,False,none,4,best_available_candidate,,False,unavailable
BANKUSDT_micro_1m_20_20260722T180000Z.json,BANKUSDT,micro,2026-07-22T17:19:59.999000+00:00,,,,canonical_no_executable_opportunity,False,none,2,best_available_candidate,,,
BANKUSDT_micro_1m_20_20260722T180000Z.json,BANKUSDT,micro,2026-07-22T17:39:59.999000+00:00,breakout_continuation,long,retest_preferred,canonical_opportunity_pending_activation,False,conditional,2,setup_with_candidate_fallback,,False,unavailable
BANKUSDT_standard_5m_24_20260722T180000Z.json,BANKUSDT,standard,2026-07-22T07:59:59.999000+00:00,,,,canonical_no_executable_opportunity,False,none,2,best_available_candidate,,,
BANKUSDT_standard_5m_24_20260722T180000Z.json,BANKUSDT,standard,2026-07-22T09:59:59.999000+00:00,,,,canonical_no_executable_opportunity,False,none,4,best_available_candidate,,,
BANKUSDT_standard_5m_24_20260722T180000Z.json,BANKUSDT,standard,2026-07-22T11:59:59.999000+00:00,,,,canonical_no_executable_opportunity,False,none,0,,,,
BANKUSDT_standard_5m_24_20260722T180000Z.json,BANKUSDT,standard,2026-07-22T13:59:59.999000+00:00,,,,canonical_no_executable_opportunity,False,none,4,best_available_candidate,,,
BANKUSDT_standard_5m_24_20260722T180000Z.json,BANKUSDT,standard,2026-07-22T15:59:59.999000+00:00,momentum_breakout,long,aggressive_now,canonical_opportunity_pending_activation,False,conditional,5,setup_with_candidate_fallback,False,False,mature_continuation
BNBUSDT_environment_15m_20_20260722T180000Z.json,BNBUSDT,environment,2026-07-22T02:59:59.999000+00:00,,,,canonical_no_executable_opportunity,False,none,2,best_available_candidate,,,
BNBUSDT_environment_15m_20_20260722T180000Z.json,BNBUSDT,environment,2026-07-22T07:59:59.999000+00:00,,,,canonical_no_executable_opportunity,False,none,0,,,,
BNBUSDT_environment_15m_20_20260722T180000Z.json,BNBUSDT,environment,2026-07-22T12:59:59.999000+00:00,,,,canonical_no_executable_opportunity,False,none,3,best_available_candidate,,,
BNBUSDT_micro_1m_20_20260722T180000Z.json,BNBUSDT,micro,2026-07-22T16:59:59.999000+00:00,,,,canonical_no_executable_opportunity,False,none,5,best_available_candidate,,,
BNBUSDT_micro_1m_20_20260722T180000Z.json,BNBUSDT,micro,2026-07-22T17:19:59.999000+00:00,,,,canonical_no_executable_opportunity,False,none,4,best_available_candidate,,,
BNBUSDT_micro_1m_20_20260722T180000Z.json,BNBUSDT,micro,2026-07-22T17:39:59.999000+00:00,,,,canonical_no_executable_opportunity,False,none,2,best_available_candidate,,,
BNBUSDT_standard_5m_24_20260722T180000Z.json,BNBUSDT,standard,2026-07-22T07:59:59.999000+00:00,,,,canonical_no_executable_opportunity,False,none,0,,,,
BNBUSDT_standard_5m_24_20260722T180000Z.json,BNBUSDT,standard,2026-07-22T09:59:59.999000+00:00,,,,canonical_no_executable_opportunity,False,none,2,best_available_candidate,,,
BNBUSDT_standard_5m_24_20260722T180000Z.json,BNBUSDT,standard,2026-07-22T11:59:59.999000+00:00,,,,canonical_no_executable_opportunity,False,none,2,best_available_candidate,,,
BNBUSDT_standard_5m_24_20260722T180000Z.json,BNBUSDT,standard,2026-07-22T13:59:59.999000+00:00,,,,canonical_no_executable_opportunity,False,none,1,best_available_candidate,,,
BNBUSDT_standard_5m_24_20260722T180000Z.json,BNBUSDT,standard,2026-07-22T15:59:59.999000+00:00,,,,canonical_no_executable_opportunity,False,none,4,best_available_candidate,,,
BTCUSDT_environment_15m_20_20260722T180000Z.json,BTCUSDT,environment,2026-07-22T02:59:59.999000+00:00,,,,canonical_no_executable_opportunity,False,none,3,best_available_candidate,,,
BTCUSDT_environment_15m_20_20260722T180000Z.json,BTCUSDT,environment,2026-07-22T07:59:59.999000+00:00,,,,canonical_no_executable_opportunity,False,none,2,best_available_candidate,,,
BTCUSDT_environment_15m_20_20260722T180000Z.json,BTCUSDT,environment,2026-07-22T12:59:59.999000+00:00,,,,canonical_no_executable_opportunity,False,none,1,best_available_candidate,,,
BTCUSDT_micro_1m_20_20260722T180000Z.json,BTCUSDT,micro,2026-07-22T16:59:59.999000+00:00,,,,canonical_no_executable_opportunity,False,none,4,best_available_candidate,,,
BTCUSDT_micro_1m_20_20260722T180000Z.json,BTCUSDT,micro,2026-07-22T17:19:59.999000+00:00,,,,canonical_no_executable_opportunity,False,none,4,best_available_candidate,,,
BTCUSDT_micro_1m_20_20260722T180000Z.json,BTCUSDT,micro,2026-07-22T17:39:59.999000+00:00,,,,canonical_no_executable_opportunity,False,none,4,best_available_candidate,,,
BTCUSDT_standard_5m_24_20260722T180000Z.json,BTCUSDT,standard,2026-07-22T07:59:59.999000+00:00,,,,canonical_no_executable_opportunity,False,none,2,best_available_candidate,,,
BTCUSDT_standard_5m_24_20260722T180000Z.json,BTCUSDT,standard,2026-07-22T09:59:59.999000+00:00,,,,canonical_no_executable_opportunity,False,none,4,best_available_candidate,,,
BTCUSDT_standard_5m_24_20260722T180000Z.json,BTCUSDT,standard,2026-07-22T11:59:59.999000+00:00,,,,canonical_no_executable_opportunity,False,none,4,best_available_candidate,,,
BTCUSDT_standard_5m_24_20260722T180000Z.json,BTCUSDT,standard,2026-07-22T13:59:59.999000+00:00,,,,canonical_no_executable_opportunity,False,none,0,,,,
BTCUSDT_standard_5m_24_20260722T180000Z.json,BTCUSDT,standard,2026-07-22T15:59:59.999000+00:00,,,,canonical_no_executable_opportunity,False,none,0,,,,
BTWUSDT_environment_15m_20_20260722T180000Z.json,BTWUSDT,environment,2026-07-22T02:59:59.999000+00:00,momentum_breakout,short,aggressive_now,canonical_opportunity_pending_activation,False,conditional,1,setup_with_candidate_fallback,False,True,mature_continuation
BTWUSDT_environment_15m_20_20260722T180000Z.json,BTWUSDT,environment,2026-07-22T07:59:59.999000+00:00,,,,canonical_no_executable_opportunity,False,none,0,,,,
BTWUSDT_environment_15m_20_20260722T180000Z.json,BTWUSDT,environment,2026-07-22T12:59:59.999000+00:00,,,,canonical_no_executable_opportunity,False,none,3,best_available_candidate,,,
BTWUSDT_micro_1m_20_20260722T180000Z.json,BTWUSDT,micro,2026-07-22T16:59:59.999000+00:00,,,,canonical_no_executable_opportunity,False,none,0,,,,
BTWUSDT_micro_1m_20_20260722T180000Z.json,BTWUSDT,micro,2026-07-22T17:19:59.999000+00:00,,,,canonical_no_executable_opportunity,False,none,4,best_available_candidate,,,
BTWUSDT_micro_1m_20_20260722T180000Z.json,BTWUSDT,micro,2026-07-22T17:39:59.999000+00:00,momentum_breakout,short,aggressive_now,canonical_opportunity_pending_activation,False,conditional,4,setup_with_candidate_fallback,False,True,mature_continuation
BTWUSDT_standard_5m_24_20260722T180000Z.json,BTWUSDT,standard,2026-07-22T07:59:59.999000+00:00,,,,canonical_no_executable_opportunity,False,none,0,,,,
BTWUSDT_standard_5m_24_20260722T180000Z.json,BTWUSDT,standard,2026-07-22T09:59:59.999000+00:00,,,,canonical_no_executable_opportunity,False,none,2,best_available_candidate,,,
BTWUSDT_standard_5m_24_20260722T180000Z.json,BTWUSDT,standard,2026-07-22T11:59:59.999000+00:00,,,,canonical_no_executable_opportunity,False,none,3,best_available_candidate,,,
BTWUSDT_standard_5m_24_20260722T180000Z.json,BTWUSDT,standard,2026-07-22T13:59:59.999000+00:00,momentum_breakout,short,execute_on_micro_confirmation,canonical_opportunity_pending_activation,False,conditional,4,setup_with_candidate_fallback,False,True,mature_continuation
BTWUSDT_standard_5m_24_20260722T180000Z.json,BTWUSDT,standard,2026-07-22T15:59:59.999000+00:00,,,,canonical_opportunity_missed_or_chasing,False,none,4,best_available_candidate,False,True,unavailable
BULLAUSDT_environment_15m_20_20260722T180000Z.json,BULLAUSDT,environment,2026-07-22T02:59:59.999000+00:00,,,,canonical_no_executable_opportunity,False,none,2,best_available_candidate,,,
BULLAUSDT_environment_15m_20_20260722T180000Z.json,BULLAUSDT,environment,2026-07-22T07:59:59.999000+00:00,,,,canonical_no_executable_opportunity,False,none,4,best_available_candidate,,,
BULLAUSDT_environment_15m_20_20260722T180000Z.json,BULLAUSDT,environment,2026-07-22T12:59:59.999000+00:00,,,,canonical_no_executable_opportunity,False,none,2,best_available_candidate,,,
BULLAUSDT_micro_1m_20_20260722T180000Z.json,BULLAUSDT,micro,2026-07-22T16:59:59.999000+00:00,,,,canonical_no_executable_opportunity,False,none,0,,,,
BULLAUSDT_micro_1m_20_20260722T180000Z.json,BULLAUSDT,micro,2026-07-22T17:19:59.999000+00:00,compression_expansion,short,retest_preferred,canonical_opportunity_pending_activation,False,conditional,6,setup_with_candidate_fallback,,True,unavailable
BULLAUSDT_micro_1m_20_20260722T180000Z.json,BULLAUSDT,micro,2026-07-22T17:39:59.999000+00:00,,,,canonical_opportunity_missed_or_chasing,False,none,4,best_available_candidate,,False,unavailable
BULLAUSDT_standard_5m_24_20260722T180000Z.json,BULLAUSDT,standard,2026-07-22T07:59:59.999000+00:00,,,,canonical_no_executable_opportunity,False,none,4,best_available_candidate,,,
BULLAUSDT_standard_5m_24_20260722T180000Z.json,BULLAUSDT,standard,2026-07-22T09:59:59.999000+00:00,,,,canonical_no_executable_opportunity,False,none,2,best_available_candidate,,,
BULLAUSDT_standard_5m_24_20260722T180000Z.json,BULLAUSDT,standard,2026-07-22T11:59:59.999000+00:00,,,,canonical_no_executable_opportunity,False,none,3,best_available_candidate,,,
BULLAUSDT_standard_5m_24_20260722T180000Z.json,BULLAUSDT,standard,2026-07-22T13:59:59.999000+00:00,,,,canonical_opportunity_missed_or_chasing,False,none,4,best_available_candidate,,False,unavailable
BULLAUSDT_standard_5m_24_20260722T180000Z.json,BULLAUSDT,standard,2026-07-22T15:59:59.999000+00:00,,,,canonical_opportunity_missed_or_chasing,False,none,1,best_available_candidate,,True,unavailable
EPICUSDT_environment_15m_20_20260722T180000Z.json,EPICUSDT,environment,2026-07-22T02:59:59.999000+00:00,breakout_continuation,short,retest_preferred,canonical_opportunity_pending_activation,False,conditional,2,setup_with_candidate_fallback,,False,unavailable
EPICUSDT_environment_15m_20_20260722T180000Z.json,EPICUSDT,environment,2026-07-22T07:59:59.999000+00:00,,,,canonical_no_executable_opportunity,False,none,0,,,,
EPICUSDT_environment_15m_20_20260722T180000Z.json,EPICUSDT,environment,2026-07-22T12:59:59.999000+00:00,,,,canonical_no_executable_opportunity,False,none,2,best_available_candidate,,,
EPICUSDT_micro_1m_20_20260722T180000Z.json,EPICUSDT,micro,2026-07-22T16:59:59.999000+00:00,,,,canonical_opportunity_missed_or_chasing,False,none,4,best_available_candidate,,True,unavailable
EPICUSDT_micro_1m_20_20260722T180000Z.json,EPICUSDT,micro,2026-07-22T17:19:59.999000+00:00,,,,canonical_no_executable_opportunity,False,none,0,,,,
EPICUSDT_micro_1m_20_20260722T180000Z.json,EPICUSDT,micro,2026-07-22T17:39:59.999000+00:00,,,,canonical_opportunity_missed_or_chasing,False,none,4,best_available_candidate,,True,unavailable
EPICUSDT_standard_5m_24_20260722T180000Z.json,EPICUSDT,standard,2026-07-22T07:59:59.999000+00:00,,,,canonical_no_executable_opportunity,False,none,0,,,,
EPICUSDT_standard_5m_24_20260722T180000Z.json,EPICUSDT,standard,2026-07-22T09:59:59.999000+00:00,,,,canonical_no_executable_opportunity,False,none,0,,,,
EPICUSDT_standard_5m_24_20260722T180000Z.json,EPICUSDT,standard,2026-07-22T11:59:59.999000+00:00,,,,canonical_opportunity_missed_or_chasing,False,none,4,best_available_candidate,False,True,unavailable
EPICUSDT_standard_5m_24_20260722T180000Z.json,EPICUSDT,standard,2026-07-22T13:59:59.999000+00:00,,,,canonical_no_executable_opportunity,False,none,4,best_available_candidate,,,
EPICUSDT_standard_5m_24_20260722T180000Z.json,EPICUSDT,standard,2026-07-22T15:59:59.999000+00:00,,,,canonical_no_executable_opportunity,False,none,4,best_available_candidate,,,
ERAUSDT_environment_15m_20_20260722T180000Z.json,ERAUSDT,environment,2026-07-22T02:59:59.999000+00:00,,,,canonical_no_executable_opportunity,False,none,2,best_available_candidate,,,
ERAUSDT_environment_15m_20_20260722T180000Z.json,ERAUSDT,environment,2026-07-22T07:59:59.999000+00:00,,,,canonical_opportunity_missed_or_chasing,False,none,2,best_available_candidate,,True,late_chase
ERAUSDT_environment_15m_20_20260722T180000Z.json,ERAUSDT,environment,2026-07-22T12:59:59.999000+00:00,breakout_continuation,short,retest_preferred,canonical_opportunity_pending_activation,False,conditional,5,setup_with_candidate_fallback,,False,unavailable
ERAUSDT_micro_1m_20_20260722T180000Z.json,ERAUSDT,micro,2026-07-22T16:59:59.999000+00:00,momentum_breakout,short,aggressive_now,canonical_opportunity_pending_activation,False,conditional,2,setup_with_candidate_fallback,False,False,mature_continuation
ERAUSDT_micro_1m_20_20260722T180000Z.json,ERAUSDT,micro,2026-07-22T17:19:59.999000+00:00,,,,canonical_no_executable_opportunity,False,none,0,,,,
ERAUSDT_micro_1m_20_20260722T180000Z.json,ERAUSDT,micro,2026-07-22T17:39:59.999000+00:00,,,,canonical_no_executable_opportunity,False,none,0,,,,
ERAUSDT_standard_5m_24_20260722T180000Z.json,ERAUSDT,standard,2026-07-22T07:59:59.999000+00:00,,,,canonical_opportunity_missed_or_chasing,False,none,2,best_available_candidate,,True,late_chase
ERAUSDT_standard_5m_24_20260722T180000Z.json,ERAUSDT,standard,2026-07-22T09:59:59.999000+00:00,,,,canonical_no_executable_opportunity,False,none,4,best_available_candidate,,,
ERAUSDT_standard_5m_24_20260722T180000Z.json,ERAUSDT,standard,2026-07-22T11:59:59.999000+00:00,,,,canonical_no_executable_opportunity,False,none,2,best_available_candidate,,,
ERAUSDT_standard_5m_24_20260722T180000Z.json,ERAUSDT,standard,2026-07-22T13:59:59.999000+00:00,,,,canonical_no_executable_opportunity,False,none,4,best_available_candidate,,,
ERAUSDT_standard_5m_24_20260722T180000Z.json,ERAUSDT,standard,2026-07-22T15:59:59.999000+00:00,,,,canonical_no_executable_opportunity,False,none,2,best_available_candidate,,,
ESPORTSUSDT_environment_15m_20_20260722T180000Z.json,ESPORTSUSDT,environment,2026-07-22T02:59:59.999000+00:00,breakout_continuation,long,retest_preferred,canonical_opportunity_pending_activation,False,conditional,5,setup_with_candidate_fallback,False,True,unavailable
ESPORTSUSDT_environment_15m_20_20260722T180000Z.json,ESPORTSUSDT,environment,2026-07-22T07:59:59.999000+00:00,,,,canonical_no_executable_opportunity,False,none,2,best_available_candidate,,,
ESPORTSUSDT_environment_15m_20_20260722T180000Z.json,ESPORTSUSDT,environment,2026-07-22T12:59:59.999000+00:00,,,,canonical_opportunity_missed_or_chasing,False,none,4,best_available_candidate,False,True,unavailable
ESPORTSUSDT_micro_1m_20_20260722T180000Z.json,ESPORTSUSDT,micro,2026-07-22T16:59:59.999000+00:00,,,,canonical_no_executable_opportunity,False,none,0,,,,
ESPORTSUSDT_micro_1m_20_20260722T180000Z.json,ESPORTSUSDT,micro,2026-07-22T17:19:59.999000+00:00,,,,canonical_no_executable_opportunity,False,none,4,best_available_candidate,,,
ESPORTSUSDT_micro_1m_20_20260722T180000Z.json,ESPORTSUSDT,micro,2026-07-22T17:39:59.999000+00:00,,,,canonical_no_executable_opportunity,False,none,4,best_available_candidate,,,
ESPORTSUSDT_standard_5m_24_20260722T180000Z.json,ESPORTSUSDT,standard,2026-07-22T07:59:59.999000+00:00,,,,canonical_no_executable_opportunity,False,none,2,best_available_candidate,,,
ESPORTSUSDT_standard_5m_24_20260722T180000Z.json,ESPORTSUSDT,standard,2026-07-22T09:59:59.999000+00:00,,,,canonical_no_executable_opportunity,False,none,0,,,,
ESPORTSUSDT_standard_5m_24_20260722T180000Z.json,ESPORTSUSDT,standard,2026-07-22T11:59:59.999000+00:00,,,,canonical_no_executable_opportunity,False,none,0,,,,
ESPORTSUSDT_standard_5m_24_20260722T180000Z.json,ESPORTSUSDT,standard,2026-07-22T13:59:59.999000+00:00,,,,canonical_no_executable_opportunity,False,none,0,,,,
ESPORTSUSDT_standard_5m_24_20260722T180000Z.json,ESPORTSUSDT,standard,2026-07-22T15:59:59.999000+00:00,,,,canonical_opportunity_missed_or_chasing,False,none,2,best_available_candidate,False,True,late_chase
ETHUSDT_environment_15m_20_20260722T180000Z.json,ETHUSDT,environment,2026-07-22T02:59:59.999000+00:00,,,,canonical_no_executable_opportunity,False,none,4,best_available_candidate,,,
ETHUSDT_environment_15m_20_20260722T180000Z.json,ETHUSDT,environment,2026-07-22T07:59:59.999000+00:00,,,,canonical_no_executable_opportunity,False,none,2,best_available_candidate,,,
ETHUSDT_environment_15m_20_20260722T180000Z.json,ETHUSDT,environment,2026-07-22T12:59:59.999000+00:00,,,,canonical_no_executable_opportunity,False,none,5,best_available_candidate,,,
ETHUSDT_micro_1m_20_20260722T180000Z.json,ETHUSDT,micro,2026-07-22T16:59:59.999000+00:00,,,,canonical_no_executable_opportunity,False,none,1,best_available_candidate,,,
ETHUSDT_micro_1m_20_20260722T180000Z.json,ETHUSDT,micro,2026-07-22T17:19:59.999000+00:00,,,,canonical_no_executable_opportunity,False,none,0,,,,
ETHUSDT_micro_1m_20_20260722T180000Z.json,ETHUSDT,micro,2026-07-22T17:39:59.999000+00:00,,,,canonical_no_executable_opportunity,False,none,4,best_available_candidate,,,
ETHUSDT_standard_5m_24_20260722T180000Z.json,ETHUSDT,standard,2026-07-22T07:59:59.999000+00:00,,,,canonical_no_executable_opportunity,False,none,2,best_available_candidate,,,
ETHUSDT_standard_5m_24_20260722T180000Z.json,ETHUSDT,standard,2026-07-22T09:59:59.999000+00:00,,,,canonical_no_executable_opportunity,False,none,2,best_available_candidate,,,
ETHUSDT_standard_5m_24_20260722T180000Z.json,ETHUSDT,standard,2026-07-22T11:59:59.999000+00:00,,,,canonical_no_executable_opportunity,False,none,4,best_available_candidate,,,
ETHUSDT_standard_5m_24_20260722T180000Z.json,ETHUSDT,standard,2026-07-22T13:59:59.999000+00:00,,,,canonical_no_executable_opportunity,False,none,0,,,,
ETHUSDT_standard_5m_24_20260722T180000Z.json,ETHUSDT,standard,2026-07-22T15:59:59.999000+00:00,,,,canonical_no_executable_opportunity,False,none,0,,,,
HEMIUSDT_environment_15m_20_20260722T180000Z.json,HEMIUSDT,environment,2026-07-22T02:59:59.999000+00:00,breakout_retest,long,retest_preferred,canonical_opportunity_pending_activation,False,conditional,4,setup_with_candidate_fallback,,True,unavailable
HEMIUSDT_environment_15m_20_20260722T180000Z.json,HEMIUSDT,environment,2026-07-22T07:59:59.999000+00:00,,,,canonical_no_executable_opportunity,False,none,2,best_available_candidate,,,
HEMIUSDT_environment_15m_20_20260722T180000Z.json,HEMIUSDT,environment,2026-07-22T12:59:59.999000+00:00,,,,canonical_no_executable_opportunity,False,none,4,best_available_candidate,,,
HEMIUSDT_micro_1m_20_20260722T180000Z.json,HEMIUSDT,micro,2026-07-22T16:59:59.999000+00:00,,,,canonical_no_executable_opportunity,False,none,0,,,,
HEMIUSDT_micro_1m_20_20260722T180000Z.json,HEMIUSDT,micro,2026-07-22T17:19:59.999000+00:00,,,,canonical_no_executable_opportunity,False,none,0,,,,
HEMIUSDT_micro_1m_20_20260722T180000Z.json,HEMIUSDT,micro,2026-07-22T17:39:59.999000+00:00,momentum_breakout,short,aggressive_now,canonical_opportunity_pending_activation,False,conditional,6,setup_with_candidate_fallback,False,False,mature_continuation
HEMIUSDT_standard_5m_24_20260722T180000Z.json,HEMIUSDT,standard,2026-07-22T07:59:59.999000+00:00,,,,canonical_no_executable_opportunity,False,none,2,best_available_candidate,,,
HEMIUSDT_standard_5m_24_20260722T180000Z.json,HEMIUSDT,standard,2026-07-22T09:59:59.999000+00:00,,,,canonical_no_executable_opportunity,False,none,2,best_available_candidate,,,
HEMIUSDT_standard_5m_24_20260722T180000Z.json,HEMIUSDT,standard,2026-07-22T11:59:59.999000+00:00,,,,canonical_no_executable_opportunity,False,none,0,,,,
HEMIUSDT_standard_5m_24_20260722T180000Z.json,HEMIUSDT,standard,2026-07-22T13:59:59.999000+00:00,,,,canonical_no_executable_opportunity,False,none,0,,,,
HEMIUSDT_standard_5m_24_20260722T180000Z.json,HEMIUSDT,standard,2026-07-22T15:59:59.999000+00:00,,,,canonical_no_executable_opportunity,False,none,0,,,,
LABUSDT_environment_15m_20_20260722T180000Z.json,LABUSDT,environment,2026-07-22T02:59:59.999000+00:00,,,,canonical_opportunity_missed_or_chasing,False,none,4,best_available_candidate,,True,unavailable
LABUSDT_environment_15m_20_20260722T180000Z.json,LABUSDT,environment,2026-07-22T07:59:59.999000+00:00,,,,canonical_opportunity_missed_or_chasing,False,none,4,best_available_candidate,,True,unavailable
LABUSDT_environment_15m_20_20260722T180000Z.json,LABUSDT,environment,2026-07-22T12:59:59.999000+00:00,,,,canonical_no_executable_opportunity,False,none,4,best_available_candidate,,,
LABUSDT_micro_1m_20_20260722T180000Z.json,LABUSDT,micro,2026-07-22T16:59:59.999000+00:00,,,,canonical_no_executable_opportunity,False,none,0,,,,
LABUSDT_micro_1m_20_20260722T180000Z.json,LABUSDT,micro,2026-07-22T17:19:59.999000+00:00,,,,canonical_no_executable_opportunity,False,none,0,,,,
LABUSDT_micro_1m_20_20260722T180000Z.json,LABUSDT,micro,2026-07-22T17:39:59.999000+00:00,,,,canonical_opportunity_missed_or_chasing,False,none,4,best_available_candidate,,True,unavailable
LABUSDT_standard_5m_24_20260722T180000Z.json,LABUSDT,standard,2026-07-22T07:59:59.999000+00:00,,,,canonical_opportunity_missed_or_chasing,False,none,4,best_available_candidate,,True,unavailable
LABUSDT_standard_5m_24_20260722T180000Z.json,LABUSDT,standard,2026-07-22T09:59:59.999000+00:00,,,,canonical_no_executable_opportunity,False,none,0,,,,
LABUSDT_standard_5m_24_20260722T180000Z.json,LABUSDT,standard,2026-07-22T11:59:59.999000+00:00,,,,canonical_no_executable_opportunity,False,none,4,best_available_candidate,,,
LABUSDT_standard_5m_24_20260722T180000Z.json,LABUSDT,standard,2026-07-22T13:59:59.999000+00:00,,,,canonical_opportunity_missed_or_chasing,False,none,6,best_available_candidate,,True,unavailable
LABUSDT_standard_5m_24_20260722T180000Z.json,LABUSDT,standard,2026-07-22T15:59:59.999000+00:00,,,,canonical_opportunity_missed_or_chasing,False,none,6,best_available_candidate,,True,unavailable
PYTHUSDT_environment_15m_20_20260722T180000Z.json,PYTHUSDT,environment,2026-07-22T02:59:59.999000+00:00,,,,canonical_no_executable_opportunity,False,none,3,best_available_candidate,,,
PYTHUSDT_environment_15m_20_20260722T180000Z.json,PYTHUSDT,environment,2026-07-22T07:59:59.999000+00:00,,,,canonical_no_executable_opportunity,False,none,4,best_available_candidate,,,
PYTHUSDT_environment_15m_20_20260722T180000Z.json,PYTHUSDT,environment,2026-07-22T12:59:59.999000+00:00,,,,canonical_no_executable_opportunity,False,none,4,best_available_candidate,,,
PYTHUSDT_micro_1m_20_20260722T180000Z.json,PYTHUSDT,micro,2026-07-22T16:59:59.999000+00:00,,,,canonical_no_executable_opportunity,False,none,2,best_available_candidate,,,
PYTHUSDT_micro_1m_20_20260722T180000Z.json,PYTHUSDT,micro,2026-07-22T17:19:59.999000+00:00,,,,canonical_no_executable_opportunity,False,none,0,,,,
PYTHUSDT_micro_1m_20_20260722T180000Z.json,PYTHUSDT,micro,2026-07-22T17:39:59.999000+00:00,,,,canonical_no_executable_opportunity,False,none,2,best_available_candidate,,,
PYTHUSDT_standard_5m_24_20260722T180000Z.json,PYTHUSDT,standard,2026-07-22T07:59:59.999000+00:00,,,,canonical_no_executable_opportunity,False,none,4,best_available_candidate,,,
PYTHUSDT_standard_5m_24_20260722T180000Z.json,PYTHUSDT,standard,2026-07-22T09:59:59.999000+00:00,,,,canonical_no_executable_opportunity,False,none,4,best_available_candidate,,,
PYTHUSDT_standard_5m_24_20260722T180000Z.json,PYTHUSDT,standard,2026-07-22T11:59:59.999000+00:00,,,,canonical_no_executable_opportunity,False,none,2,best_available_candidate,,,
PYTHUSDT_standard_5m_24_20260722T180000Z.json,PYTHUSDT,standard,2026-07-22T13:59:59.999000+00:00,,,,canonical_no_executable_opportunity,False,none,4,best_available_candidate,,,
PYTHUSDT_standard_5m_24_20260722T180000Z.json,PYTHUSDT,standard,2026-07-22T15:59:59.999000+00:00,,,,canonical_no_executable_opportunity,False,none,1,best_available_candidate,,,
REUSDT_environment_15m_20_20260722T180000Z.json,REUSDT,environment,2026-07-22T02:59:59.999000+00:00,breakout_retest,long,retest_preferred,canonical_opportunity_pending_activation,False,conditional,4,setup_with_candidate_fallback,,True,unavailable
REUSDT_environment_15m_20_20260722T180000Z.json,REUSDT,environment,2026-07-22T07:59:59.999000+00:00,breakout_retest,long,retest_preferred,canonical_opportunity_pending_activation,False,conditional,4,setup_with_candidate_fallback,,True,unavailable
REUSDT_environment_15m_20_20260722T180000Z.json,REUSDT,environment,2026-07-22T12:59:59.999000+00:00,,,,canonical_opportunity_missed_or_chasing,False,none,2,best_available_candidate,,False,late_chase
REUSDT_micro_1m_20_20260722T180000Z.json,REUSDT,micro,2026-07-22T16:59:59.999000+00:00,,,,canonical_no_executable_opportunity,False,none,4,best_available_candidate,,,
REUSDT_micro_1m_20_20260722T180000Z.json,REUSDT,micro,2026-07-22T17:19:59.999000+00:00,,,,canonical_no_executable_opportunity,False,none,0,,,,
REUSDT_micro_1m_20_20260722T180000Z.json,REUSDT,micro,2026-07-22T17:39:59.999000+00:00,,,,canonical_no_executable_opportunity,False,none,4,best_available_candidate,,,
REUSDT_standard_5m_24_20260722T180000Z.json,REUSDT,standard,2026-07-22T07:59:59.999000+00:00,breakout_retest,long,retest_preferred,canonical_opportunity_pending_activation,False,conditional,4,setup_with_candidate_fallback,,True,unavailable
REUSDT_standard_5m_24_20260722T180000Z.json,REUSDT,standard,2026-07-22T09:59:59.999000+00:00,breakout_continuation,short,retest_preferred,canonical_opportunity_pending_activation,False,conditional,1,setup_with_candidate_fallback,,False,unavailable
REUSDT_standard_5m_24_20260722T180000Z.json,REUSDT,standard,2026-07-22T11:59:59.999000+00:00,,,,canonical_no_executable_opportunity,False,none,0,,,,
REUSDT_standard_5m_24_20260722T180000Z.json,REUSDT,standard,2026-07-22T13:59:59.999000+00:00,breakout_retest,long,retest_preferred,canonical_opportunity_pending_activation,False,conditional,4,setup_with_candidate_fallback,,True,unavailable
REUSDT_standard_5m_24_20260722T180000Z.json,REUSDT,standard,2026-07-22T15:59:59.999000+00:00,,,,canonical_opportunity_missed_or_chasing,False,none,1,best_available_candidate,,False,unavailable
SOLUSDT_environment_15m_20_20260722T180000Z.json,SOLUSDT,environment,2026-07-22T02:59:59.999000+00:00,,,,canonical_no_executable_opportunity,False,none,2,best_available_candidate,,,
SOLUSDT_environment_15m_20_20260722T180000Z.json,SOLUSDT,environment,2026-07-22T07:59:59.999000+00:00,,,,canonical_no_executable_opportunity,False,none,2,best_available_candidate,,,
SOLUSDT_environment_15m_20_20260722T180000Z.json,SOLUSDT,environment,2026-07-22T12:59:59.999000+00:00,,,,canonical_no_executable_opportunity,False,none,3,best_available_candidate,,,
SOLUSDT_micro_1m_20_20260722T180000Z.json,SOLUSDT,micro,2026-07-22T16:59:59.999000+00:00,,,,canonical_no_executable_opportunity,False,none,2,best_available_candidate,,,
SOLUSDT_micro_1m_20_20260722T180000Z.json,SOLUSDT,micro,2026-07-22T17:19:59.999000+00:00,,,,canonical_no_executable_opportunity,False,none,4,best_available_candidate,,,
SOLUSDT_micro_1m_20_20260722T180000Z.json,SOLUSDT,micro,2026-07-22T17:39:59.999000+00:00,,,,canonical_no_executable_opportunity,False,none,4,best_available_candidate,,,
SOLUSDT_standard_5m_24_20260722T180000Z.json,SOLUSDT,standard,2026-07-22T07:59:59.999000+00:00,,,,canonical_no_executable_opportunity,False,none,2,best_available_candidate,,,
SOLUSDT_standard_5m_24_20260722T180000Z.json,SOLUSDT,standard,2026-07-22T09:59:59.999000+00:00,,,,canonical_no_executable_opportunity,False,none,1,best_available_candidate,,,
SOLUSDT_standard_5m_24_20260722T180000Z.json,SOLUSDT,standard,2026-07-22T11:59:59.999000+00:00,,,,canonical_no_executable_opportunity,False,none,2,best_available_candidate,,,
SOLUSDT_standard_5m_24_20260722T180000Z.json,SOLUSDT,standard,2026-07-22T13:59:59.999000+00:00,,,,canonical_no_executable_opportunity,False,none,3,best_available_candidate,,,
SOLUSDT_standard_5m_24_20260722T180000Z.json,SOLUSDT,standard,2026-07-22T15:59:59.999000+00:00,,,,canonical_no_executable_opportunity,False,none,2,best_available_candidate,,,
SUIUSDT_environment_15m_20_20260722T180000Z.json,SUIUSDT,environment,2026-07-22T02:59:59.999000+00:00,,,,canonical_no_executable_opportunity,False,none,4,best_available_candidate,,,
SUIUSDT_environment_15m_20_20260722T180000Z.json,SUIUSDT,environment,2026-07-22T07:59:59.999000+00:00,,,,canonical_no_executable_opportunity,False,none,0,,,,
SUIUSDT_environment_15m_20_20260722T180000Z.json,SUIUSDT,environment,2026-07-22T12:59:59.999000+00:00,,,,canonical_no_executable_opportunity,False,none,1,best_available_candidate,,,
SUIUSDT_micro_1m_20_20260722T180000Z.json,SUIUSDT,micro,2026-07-22T16:59:59.999000+00:00,,,,canonical_no_executable_opportunity,False,none,2,best_available_candidate,,,
SUIUSDT_micro_1m_20_20260722T180000Z.json,SUIUSDT,micro,2026-07-22T17:19:59.999000+00:00,,,,canonical_no_executable_opportunity,False,none,4,best_available_candidate,,,
SUIUSDT_micro_1m_20_20260722T180000Z.json,SUIUSDT,micro,2026-07-22T17:39:59.999000+00:00,,,,canonical_no_executable_opportunity,False,none,2,best_available_candidate,,,
SUIUSDT_standard_5m_24_20260722T180000Z.json,SUIUSDT,standard,2026-07-22T07:59:59.999000+00:00,,,,canonical_no_executable_opportunity,False,none,0,,,,
SUIUSDT_standard_5m_24_20260722T180000Z.json,SUIUSDT,standard,2026-07-22T09:59:59.999000+00:00,,,,canonical_no_executable_opportunity,False,none,4,best_available_candidate,,,
SUIUSDT_standard_5m_24_20260722T180000Z.json,SUIUSDT,standard,2026-07-22T11:59:59.999000+00:00,,,,canonical_no_executable_opportunity,False,none,3,best_available_candidate,,,
SUIUSDT_standard_5m_24_20260722T180000Z.json,SUIUSDT,standard,2026-07-22T13:59:59.999000+00:00,,,,canonical_no_executable_opportunity,False,none,2,best_available_candidate,,,
SUIUSDT_standard_5m_24_20260722T180000Z.json,SUIUSDT,standard,2026-07-22T15:59:59.999000+00:00,,,,canonical_no_executable_opportunity,False,none,4,best_available_candidate,,,
TACUSDT_environment_15m_20_20260722T180000Z.json,TACUSDT,environment,2026-07-22T02:59:59.999000+00:00,,,,canonical_no_executable_opportunity,False,none,2,best_available_candidate,,,
TACUSDT_environment_15m_20_20260722T180000Z.json,TACUSDT,environment,2026-07-22T07:59:59.999000+00:00,,,,canonical_no_executable_opportunity,False,none,0,,,,
TACUSDT_environment_15m_20_20260722T180000Z.json,TACUSDT,environment,2026-07-22T12:59:59.999000+00:00,momentum_breakout,long,aggressive_now,canonical_opportunity_pending_activation,False,conditional,5,setup_with_candidate_fallback,False,True,mature_continuation
TACUSDT_micro_1m_20_20260722T180000Z.json,TACUSDT,micro,2026-07-22T16:59:59.999000+00:00,,,,canonical_no_executable_opportunity,False,none,4,best_available_candidate,,,
TACUSDT_micro_1m_20_20260722T180000Z.json,TACUSDT,micro,2026-07-22T17:19:59.999000+00:00,,,,canonical_no_executable_opportunity,False,none,4,best_available_candidate,,,
TACUSDT_micro_1m_20_20260722T180000Z.json,TACUSDT,micro,2026-07-22T17:39:59.999000+00:00,,,,canonical_no_executable_opportunity,False,none,4,best_available_candidate,,,
TACUSDT_standard_5m_24_20260722T180000Z.json,TACUSDT,standard,2026-07-22T07:59:59.999000+00:00,,,,canonical_no_executable_opportunity,False,none,0,,,,
TACUSDT_standard_5m_24_20260722T180000Z.json,TACUSDT,standard,2026-07-22T09:59:59.999000+00:00,,,,canonical_no_executable_opportunity,False,none,4,best_available_candidate,,,
TACUSDT_standard_5m_24_20260722T180000Z.json,TACUSDT,standard,2026-07-22T11:59:59.999000+00:00,,,,canonical_no_executable_opportunity,False,none,0,,,,
TACUSDT_standard_5m_24_20260722T180000Z.json,TACUSDT,standard,2026-07-22T13:59:59.999000+00:00,breakout_continuation,short,retest_preferred,canonical_opportunity_pending_activation,False,conditional,1,setup_with_candidate_fallback,False,True,unavailable
TACUSDT_standard_5m_24_20260722T180000Z.json,TACUSDT,standard,2026-07-22T15:59:59.999000+00:00,,,,canonical_no_executable_opportunity,False,none,0,,,,
VANRYUSDT_environment_15m_20_20260722T180000Z.json,VANRYUSDT,environment,2026-07-22T02:59:59.999000+00:00,,,,canonical_no_executable_opportunity,False,none,2,best_available_candidate,,,
VANRYUSDT_environment_15m_20_20260722T180000Z.json,VANRYUSDT,environment,2026-07-22T07:59:59.999000+00:00,,,,canonical_no_executable_opportunity,False,none,0,,,,
VANRYUSDT_environment_15m_20_20260722T180000Z.json,VANRYUSDT,environment,2026-07-22T12:59:59.999000+00:00,,,,canonical_no_executable_opportunity,False,none,0,,,,
VANRYUSDT_micro_1m_20_20260722T180000Z.json,VANRYUSDT,micro,2026-07-22T16:59:59.999000+00:00,,,,canonical_no_executable_opportunity,False,none,0,,,,
VANRYUSDT_micro_1m_20_20260722T180000Z.json,VANRYUSDT,micro,2026-07-22T17:19:59.999000+00:00,,,,canonical_no_executable_opportunity,False,none,2,best_available_candidate,,,
VANRYUSDT_micro_1m_20_20260722T180000Z.json,VANRYUSDT,micro,2026-07-22T17:39:59.999000+00:00,,,,canonical_no_executable_opportunity,False,none,4,best_available_candidate,,,
VANRYUSDT_standard_5m_24_20260722T180000Z.json,VANRYUSDT,standard,2026-07-22T07:59:59.999000+00:00,,,,canonical_no_executable_opportunity,False,none,0,,,,
VANRYUSDT_standard_5m_24_20260722T180000Z.json,VANRYUSDT,standard,2026-07-22T09:59:59.999000+00:00,,,,canonical_no_executable_opportunity,False,none,4,best_available_candidate,,,
VANRYUSDT_standard_5m_24_20260722T180000Z.json,VANRYUSDT,standard,2026-07-22T11:59:59.999000+00:00,,,,canonical_no_executable_opportunity,False,none,0,,,,
VANRYUSDT_standard_5m_24_20260722T180000Z.json,VANRYUSDT,standard,2026-07-22T13:59:59.999000+00:00,,,,canonical_no_executable_opportunity,False,none,0,,,,
VANRYUSDT_standard_5m_24_20260722T180000Z.json,VANRYUSDT,standard,2026-07-22T15:59:59.999000+00:00,,,,canonical_no_executable_opportunity,False,none,0,,,,
