file,symbol,profile,decision_time,candidate_id,outcome,strategy,strategy_family,strategy_subtype,direction,replay_source,geometry_state,ranking_role,ranking_outcome,entry_status,entry_mode,higher_timeframe_conflict,higher_timeframe_relationship,higher_timeframe_severity,final_score,final_rank_score,target_quality,gross_tp1_r,net_tp1_r,pre_exit_mfe_r,pre_exit_mae_r,counterfactual_path_mfe_r,counterfactual_path_mae_r,post_exit_additional_mfe_r,realized_r,first_exit_event,first_stop_touch_candle,first_stop_touch_time,first_tp1_touch_candle,first_tp1_touch_time,same_candle_stop_target_ambiguous,reached_0_5r,reached_1r,reached_1_5r,reached_2r,reached_3r,tp1_progress_ratio,reason_codes,forensic_family
AKEUSDT_environment_15m_20_20260722T180000Z.json,AKEUSDT,environment,2026-07-22T07:59:59.999000+00:00,momentum_breakout:long:0,stop,momentum_breakout,,,long,geometry_rejected,TARGET_BELOW_MINIMUM_NET_R,geometry_rejected,,,,,,,,,,0.841452045938722,0.8200002136578193,0.5525797561200667,1.051180888607531,1.2519354003180425,2.3327634566290594,0.6993556441979758,-1.0203470410533402,stop,3,2026-07-22T08:44:59.999000+00:00,0,,False,True,False,False,False,False,0.673877575782,,INVALID_GEOMETRY
AKEUSDT_environment_15m_20_20260722T180000Z.json,AKEUSDT,environment,2026-07-22T07:59:59.999000+00:00,momentum_breakout:long:1,stop,momentum_breakout,,,long,geometry_rejected,TARGET_TOO_DISTANT,geometry_rejected,,,,,,,,,,3.25296365377243,3.2042048733139192,0.8080713903400433,1.117700355227443,4.201003973640707,4.078111402694718,3.3929325833006634,-1.0462070822662475,stop,3,2026-07-22T08:44:59.999000+00:00,0,,False,True,False,False,False,False,0.252190924828,,INVALID_GEOMETRY
AKEUSDT_environment_15m_20_20260722T180000Z.json,AKEUSDT,environment,2026-07-22T12:59:59.999000+00:00,breakout_retest:short:0,target,breakout_retest,,,short,geometry_rejected,TARGET_BELOW_MINIMUM_NET_R,geometry_rejected,,,,,,,,,,0.3232095359397811,0.28812789991931265,0.3248800127869344,0.740963297155681,0.9853949266456692,0.9917014541761981,0.6605149138587347,0.2881279257760741,target,0,,1,2026-07-22T13:14:59.999000+00:00,False,False,False,False,False,False,1.127554856291,,
AKEUSDT_micro_1m_20_20260722T180000Z.json,AKEUSDT,micro,2026-07-22T16:59:59.999000+00:00,breakout_retest:short:0,missed_entry,breakout_retest,,,short,geometry_rejected,GEOMETRY_REJECTED,geometry_rejected,,,,,,,,,,5.957705128040447,5.638355231886335,0.0,0.0,8.767544780626896,0.0,8.767544780626896,0.0,,,,,,,False,False,False,False,False,0.0,,
AKEUSDT_micro_1m_20_20260722T180000Z.json,AKEUSDT,micro,2026-07-22T17:19:59.999000+00:00,breakout_retest:short:0,missed_entry,breakout_retest,,,short,geometry_rejected,TARGET_TOO_DISTANT,geometry_rejected,,,,,,,,,,9.239317736125367,8.878677698088847,0.0,0.0,9.430971690893745,0.0,9.430971690893745,0.0,,,,,,,False,False,False,False,False,0.0,,
AKEUSDT_micro_1m_20_20260722T180000Z.json,AKEUSDT,micro,2026-07-22T17:39:59.999000+00:00,breakout_retest:short:0,missed_entry,breakout_retest,,,short,geometry_rejected,STOP_TOO_TIGHT,geometry_rejected,,,,,,,,,,10.25655500265151,9.875295028256406,0.0,0.0,18.105269662835415,0.0,18.105269662835415,0.0,,,,,,,False,False,False,False,False,0.0,,
AKEUSDT_standard_5m_24_20260722T180000Z.json,AKEUSDT,standard,2026-07-22T07:59:59.999000+00:00,momentum_breakout:long:0,stop,momentum_breakout,,,long,geometry_rejected,TARGET_BELOW_MINIMUM_NET_R,geometry_rejected,,,,,,,,,,0.841452045938722,0.8200002136578193,0.5525797561200667,1.051180888607531,0.5580000607340095,1.9106986747450732,0.005420304613942828,-1.0203470410533402,stop,9,2026-07-22T08:44:59.999000+00:00,0,,False,True,False,False,False,False,0.673877575782,,INVALID_GEOMETRY
AKEUSDT_standard_5m_24_20260722T180000Z.json,AKEUSDT,standard,2026-07-22T07:59:59.999000+00:00,momentum_breakout:long:1,stop,momentum_breakout,,,long,geometry_rejected,TARGET_TOO_DISTANT,geometry_rejected,,,,,,,,,,3.25296365377243,3.2042048733139192,0.8080713903400433,1.117700355227443,2.5983112595794844,3.1033229574300862,1.790239869239441,-1.0462070822662475,stop,9,2026-07-22T08:44:59.999000+00:00,0,,False,True,False,False,False,False,0.252190924828,,INVALID_GEOMETRY
AKEUSDT_standard_5m_24_20260722T180000Z.json,AKEUSDT,standard,2026-07-22T13:59:59.999000+00:00,breakout_retest:short:0,stop,breakout_retest,break_retest,breakout_retest,short,score_or_collision_rejected,VALID_GEOMETRY,rejected,rejected_below_score_threshold,PULLBACK_PREFERRED,retest,True,countertrend_scalp,strong,45.599935581133835,24.608126,70.1887,3.1051694490683475,2.897966334656846,1.2509958155709635,2.2451334887270895,1.3294303451668847,8.793232140175173,0.07843452959592123,-1.2096662960809472,stop,1,2026-07-22T14:04:59.999000+00:00,0,,False,True,True,False,False,False,0.431680589457,STRATEGY_OUTSIDE_ROUTE_PRIORITY|PREFERRED_DIRECTION_CONFLICT|ENVIRONMENT_ROUTE_WARNING|SCORE_BELOW_WARNING_THRESHOLD,MODERATE_PROFIT_AVAILABLE_THEN_STOP
AKEUSDT_standard_5m_24_20260722T180000Z.json,AKEUSDT,standard,2026-07-22T15:59:59.999000+00:00,compression_expansion:long:0,stop,compression_expansion,compression_expansion,,long,retained_primary,VALID_GEOMETRY,primary,accepted,PULLBACK_PREFERRED,retest,False,with_trend,none,72.7756475245264,61.64234,79.0289,6.923487300508705,6.638763166583686,1.8250647970038296,1.8209233284408008,1.9571695549141097,13.19866218595206,0.1321047579102801,-1.2799701215447137,stop,1,2026-07-22T16:04:59.999000+00:00,0,,False,True,True,True,False,False,0.274910363754,STRATEGY_OUTSIDE_ROUTE_PRIORITY|ENVIRONMENT_ROUTE_WARNING|SCORE_AND_CONFLICT_REQUIREMENTS_MET,MODERATE_PROFIT_AVAILABLE_THEN_STOP
AKEUSDT_standard_5m_24_20260722T180000Z.json,AKEUSDT,standard,2026-07-22T15:59:59.999000+00:00,momentum_breakout:long:0,stop,momentum_breakout,break_continuation,momentum_breakout,long,score_or_collision_rejected,GEOMETRY_REJECTED,rejected,rejected_as_duplicate_thesis,CONFIRMATION_AT_CMP,momentum_continuation,False,with_trend,none,50.73420651977758,38.822062,80.7975,10.944116197776394,10.661804441189735,3.02817156841785,4.105682901798247,5.977798452181799,9.178033288684372,2.9496268837639485,-1.2751453668679893,stop,3,2026-07-22T16:14:59.999000+00:00,0,,False,True,True,True,True,True,0.28402055066,STRATEGY_OUTSIDE_ROUTE_PRIORITY|ENVIRONMENT_ROUTE_WARNING|DUPLICATE_THESIS,INVALID_GEOMETRY
AKEUSDT_standard_5m_24_20260722T180000Z.json,AKEUSDT,standard,2026-07-22T15:59:59.999000+00:00,momentum_breakout:long:0,stop,momentum_breakout,,,long,geometry_rejected,TARGET_BELOW_MINIMUM_NET_R,geometry_rejected,,,,,,,,,,1.0990217053112883,1.0472477918847147,0.18748559356058267,1.652961034865512,0.19760188236909643,2.5532827497130923,0.010116288808513757,-1.0505145804033869,stop,3,2026-07-22T16:14:59.999000+00:00,0,,False,False,False,False,False,False,0.179026964787,,INVALID_GEOMETRY
BANKUSDT_environment_15m_20_20260722T180000Z.json,BANKUSDT,environment,2026-07-22T02:59:59.999000+00:00,breakout_retest:long:0,target,breakout_retest,,,long,geometry_rejected,STOP_TOO_TIGHT,geometry_rejected,,,,,,,,,,0.8336791284574807,0.7491977456343097,4.762811124706754,0.5191382157456055,16.543447290561158,22.167731362057243,11.780636165854403,0.749197812328642,target,0,,1,2026-07-22T03:14:59.999000+00:00,False,True,True,True,True,True,6.357214970894,,
BANKUSDT_environment_15m_20_20260722T180000Z.json,BANKUSDT,environment,2026-07-22T07:59:59.999000+00:00,breakout_retest:long:0,missed_entry,breakout_retest,,,long,geometry_rejected,TARGET_TOO_DISTANT,geometry_rejected,,,,,,,,,,12.846946739170242,12.771068101133887,0.0,0.0,33.91709895034793,0.0,33.91709895034793,0.0,,,,,,,False,False,False,False,False,0.0,,
BANKUSDT_environment_15m_20_20260722T180000Z.json,BANKUSDT,environment,2026-07-22T12:59:59.999000+00:00,breakout_retest:long:0,stop,breakout_retest,,,long,geometry_rejected,GEOMETRY_REJECTED,geometry_rejected,,,,,,,,,,2.086593429792247,1.8597570615741068,12.27846024046228,1.2801436739889263,37.62321555367727,9.604783158786134,25.34475531321499,-1.2249844921602586,same_candle_ambiguous_stop_first,1,2026-07-22T13:14:59.999000+00:00,1,2026-07-22T13:14:59.999000+00:00,True,True,True,True,True,True,6.602185034894,,AMBIGUOUS_SAME_CANDLE
BANKUSDT_micro_1m_20_20260722T180000Z.json,BANKUSDT,micro,2026-07-22T16:59:59.999000+00:00,breakout_retest:long:0,missed_entry,breakout_retest,break_retest,breakout_retest,long,retained_primary,VALID_GEOMETRY,primary,accepted_with_conflict_warning,PULLBACK_PREFERRED,retest,False,with_trend,none,52.45169414345445,47.16165,90.4407,3.235458440247081,3.05029140050766,0.0,0.0,5.100230053591461,0.0,5.100230053591461,0.0,,,,,,,False,False,False,False,False,0.0,STRATEGY_OUTSIDE_ROUTE_PRIORITY|ACCEPTED_WITH_WARNING|WARNING_THRESHOLD_BAND,
BANKUSDT_micro_1m_20_20260722T180000Z.json,BANKUSDT,micro,2026-07-22T17:19:59.999000+00:00,breakout_retest:long:0,missed_entry,breakout_retest,,,long,geometry_rejected,STOP_TOO_TIGHT,geometry_rejected,,,,,,,,,,3.740006748878621,3.5259641360356557,0.0,0.0,16.728700137841294,0.0,16.728700137841294,0.0,,,,,,,False,False,False,False,False,0.0,,
BANKUSDT_micro_1m_20_20260722T180000Z.json,BANKUSDT,micro,2026-07-22T17:39:59.999000+00:00,breakout_continuation:long:0,expired,breakout_continuation,break_continuation,breakout_continuation,long,retained_primary,VALID_GEOMETRY,primary,accepted,PULLBACK_PREFERRED,retest,False,with_trend,none,71.88192561458348,68.452776,97.75,7.33373919090138,7.14765320601534,3.4174656899529614,0.6955901566086182,4.938896586344573,0.6863723352623922,1.5214308963916112,2.4801395014247274,expired,0,,0,,False,True,True,True,True,True,0.478124160679,CANONICAL_ROUTE_ALIGNMENT|ENVIRONMENT_ROUTE_WARNING|SCORE_AND_CONFLICT_REQUIREMENTS_MET,
BANKUSDT_standard_5m_24_20260722T180000Z.json,BANKUSDT,standard,2026-07-22T07:59:59.999000+00:00,breakout_retest:long:0,missed_entry,breakout_retest,,,long,geometry_rejected,TARGET_TOO_DISTANT,geometry_rejected,,,,,,,,,,12.846946739170242,12.771068101133887,0.0,0.0,33.91709895034793,0.0,33.91709895034793,0.0,,,,,,,False,False,False,False,False,0.0,,
BANKUSDT_standard_5m_24_20260722T180000Z.json,BANKUSDT,standard,2026-07-22T09:59:59.999000+00:00,breakout_retest:long:0,stop,breakout_retest,,,long,geometry_rejected,STOP_TOO_TIGHT,geometry_rejected,,,,,,,,,,0.5544880744979447,0.454064016080306,2.2789720827488336,2.880890975598289,4.7155594509477945,4.460012773135706,2.436587368198961,-1.099491445572942,same_candle_ambiguous_stop_first,1,2026-07-22T10:04:59.999000+00:00,1,2026-07-22T10:04:59.999000+00:00,True,True,True,True,True,False,5.019054587109,,AMBIGUOUS_SAME_CANDLE
BANKUSDT_standard_5m_24_20260722T180000Z.json,BANKUSDT,standard,2026-07-22T13:59:59.999000+00:00,breakout_retest:long:0,missed_entry,breakout_retest,,,long,geometry_rejected,STOP_TOO_TIGHT,geometry_rejected,,,,,,,,,,1.8461370142258813,1.6978175209440352,0.0,0.0,10.851339701938453,0.0,10.851339701938453,0.0,,,,,,,False,False,False,False,False,0.0,,
BANKUSDT_standard_5m_24_20260722T180000Z.json,BANKUSDT,standard,2026-07-22T15:59:59.999000+00:00,momentum_breakout:long:0,target,momentum_breakout,break_continuation,momentum_breakout,long,retained_primary,VALID_GEOMETRY,primary,accepted,CONFIRMATION_AT_CMP,market_near,False,with_trend,none,72.78123189499725,66.305069,95.5,1.7528339172928564,1.573784344798157,2.321656005963653,0.1381356524463901,20.32644102255214,0.2653372443608443,18.004785016588485,1.573784485024863,target,0,,1,2026-07-22T16:04:59.999000+00:00,False,True,True,True,True,False,1.475205935068,STRATEGY_OUTSIDE_ROUTE_PRIORITY|SCORE_AND_CONFLICT_REQUIREMENTS_MET,
BANKUSDT_standard_5m_24_20260722T180000Z.json,BANKUSDT,standard,2026-07-22T15:59:59.999000+00:00,breakout_retest:long:0,missed_entry,breakout_retest,break_retest,breakout_retest,long,retained_alternative,VALID_GEOMETRY,alternative,accepted,PULLBACK_PREFERRED,retest,False,with_trend,none,66.0405970912044,58.336473,95.5,2.786433512399321,2.5534667201348245,0.0,0.0,26.98440875165663,0.0,26.98440875165663,0.0,,,,,,,False,False,False,False,False,0.0,STRATEGY_OUTSIDE_ROUTE_PRIORITY|SCORE_AND_CONFLICT_REQUIREMENTS_MET,
BNBUSDT_environment_15m_20_20260722T180000Z.json,BNBUSDT,environment,2026-07-22T02:59:59.999000+00:00,breakout_retest:short:0,missed_entry,breakout_retest,,,short,geometry_rejected,TARGET_BELOW_MINIMUM_NET_R,geometry_rejected,,,,,,,,,,2.060684215910826,0.4418110101583297,0.0,0.0,15.390916751778075,0.0,15.390916751778075,0.0,,,,,,,False,False,False,False,False,0.0,,
BNBUSDT_environment_15m_20_20260722T180000Z.json,BNBUSDT,environment,2026-07-22T12:59:59.999000+00:00,breakout_continuation:short:0,stop,breakout_continuation,,,short,geometry_rejected,COST_INVALID_GEOMETRY,geometry_rejected,,,,,,,,,,3.367857302877779,-1.8703854784807352,0.43266854151051987,3.448829479518585,1.6839286514393248,40.643914268826386,1.251260109928805,-6.24086357573989,stop,1,2026-07-22T13:14:59.999000+00:00,0,,False,False,False,False,False,False,0.128469974408,,INVALID_GEOMETRY
BNBUSDT_environment_15m_20_20260722T180000Z.json,BNBUSDT,environment,2026-07-22T12:59:59.999000+00:00,breakout_retest:short:0,stop,breakout_retest,,,short,geometry_rejected,TARGET_TOO_DISTANT,geometry_rejected,,,,,,,,,,2.3509457520327532,1.3925011494685582,0.6841394934034764,2.2505379067183298,0.9535611600318089,6.793342893868707,0.26942166662833256,-1.96045525001539,stop,3,2026-07-22T13:44:59.999000+00:00,0,,False,True,False,False,False,False,0.491302641771,,INVALID_GEOMETRY
BNBUSDT_micro_1m_20_20260722T180000Z.json,BNBUSDT,micro,2026-07-22T16:59:59.999000+00:00,breakout_continuation:long:0,stop,breakout_continuation,,,long,geometry_rejected,COST_INVALID_GEOMETRY,geometry_rejected,,,,,,,,,,3.019416250395547,-0.13713639624538976,0.6448579764631719,1.5739308019930056,5.398350265859257,1.875697973730512,4.753492289396085,-4.154141076890521,stop,20,2026-07-22T17:19:59.999000+00:00,0,,False,True,False,False,False,False,0.213570413281,,INVALID_GEOMETRY
BNBUSDT_micro_1m_20_20260722T180000Z.json,BNBUSDT,micro,2026-07-22T16:59:59.999000+00:00,breakout_retest:short:0,expired,breakout_retest,,,short,geometry_rejected,TARGET_BELOW_MINIMUM_NET_R,geometry_rejected,,,,,,,,,,1.595062077807923,0.7693545368031143,0.8158529327385325,0.8580176268598809,1.0660364825399156,0.8384556604247201,0.250183549801383,0.09619010273567345,expired,0,,0,,False,True,False,False,False,False,1.060438190342,,
BNBUSDT_micro_1m_20_20260722T180000Z.json,BNBUSDT,micro,2026-07-22T17:19:59.999000+00:00,breakout_retest:short:0,missed_entry,breakout_retest,,,short,geometry_rejected,GEOMETRY_REJECTED,geometry_rejected,,,,,,,,,,4.987854370995568,1.6358252094765184,0.0,0.0,13.230195281931385,0.0,13.230195281931385,0.0,,,,,,,False,False,False,False,False,0.0,,
BNBUSDT_micro_1m_20_20260722T180000Z.json,BNBUSDT,micro,2026-07-22T17:39:59.999000+00:00,breakout_retest:short:0,missed_entry,breakout_retest,,,short,geometry_rejected,TARGET_TOO_DISTANT,geometry_rejected,,,,,,,,,,14.599486772445802,11.4573885182757,0.0,0.0,13.247344067613783,0.0,13.247344067613783,0.0,,,,,,,False,False,False,False,False,0.0,,
BNBUSDT_standard_5m_24_20260722T180000Z.json,BNBUSDT,standard,2026-07-22T09:59:59.999000+00:00,momentum_breakout:long:0,expired,momentum_breakout,,,long,geometry_rejected,TARGET_TOO_DISTANT,geometry_rejected,,,,,,,,,,1.7616246302282341,1.275924046647067,0.4026450582031476,0.5521193047584548,0.5159422186826921,0.5159422186826117,0.11329716047954447,-0.5482147629350713,expired,0,,0,,False,False,False,False,False,False,0.315571337699,,
BNBUSDT_standard_5m_24_20260722T180000Z.json,BNBUSDT,standard,2026-07-22T09:59:59.999000+00:00,momentum_breakout:long:1,missed_entry,momentum_breakout,,,long,geometry_rejected,TARGET_TOO_DISTANT,geometry_rejected,,,,,,,,,,12.784974455699532,10.362937783997095,0.0,0.0,6.5670040497612225,0.0,6.5670040497612225,0.0,,,,,,,False,False,False,False,False,0.0,,
BNBUSDT_standard_5m_24_20260722T180000Z.json,BNBUSDT,standard,2026-07-22T11:59:59.999000+00:00,breakout_retest:short:0,stop,breakout_retest,,,short,geometry_rejected,TARGET_TOO_DISTANT,geometry_rejected,,,,,,,,,,1.4773363606980763,0.7648412411451032,0.2682220561261945,1.041132487026144,2.600973446539801,1.0460230130548822,2.3327513904136064,-1.7139816013694205,stop,22,2026-07-22T13:49:59.999000+00:00,0,,False,False,False,False,False,False,0.350689844764,,INVALID_GEOMETRY
BNBUSDT_standard_5m_24_20260722T180000Z.json,BNBUSDT,standard,2026-07-22T13:59:59.999000+00:00,breakout_continuation:long:0,stop,breakout_continuation,,,long,geometry_rejected,STOP_TOO_TIGHT,geometry_rejected,,,,,,,,,,6.387860015098739,1.9981737156030066,2.6406774437218945,2.4519690585473755,21.718724051335567,8.687489620534373,19.078046607613672,-5.385253663486411,stop,5,2026-07-22T14:24:59.999000+00:00,0,,False,True,True,True,True,False,1.321545480807,,INVALID_GEOMETRY
BNBUSDT_standard_5m_24_20260722T180000Z.json,BNBUSDT,standard,2026-07-22T15:59:59.999000+00:00,breakout_retest:short:0,target,breakout_retest,,,short,geometry_rejected,TARGET_BELOW_MINIMUM_NET_R,geometry_rejected,,,,,,,,,,1.1721164441658234,0.5413318752858578,1.0101553426555039,0.402737674525681,1.43299502578267,2.7098303372173653,0.42283968312716613,0.5413319690551461,target,0,,4,2026-07-22T16:19:59.999000+00:00,False,True,True,False,False,False,1.866055535935,,
BTCUSDT_environment_15m_20_20260722T180000Z.json,BTCUSDT,environment,2026-07-22T02:59:59.999000+00:00,momentum_breakout:short:0,target,momentum_breakout,,,short,geometry_rejected,COST_INVALID_GEOMETRY,geometry_rejected,,,,,,,,,,0.390702369021134,-0.08394713253362768,0.7095073605798248,0.40639941719764666,3.669402139370064,0.69137124591453,2.9598947787902397,-0.08394710127747868,target,0,,1,2026-07-22T03:14:59.999000+00:00,False,True,False,False,False,False,1.815979161727,,
BTCUSDT_environment_15m_20_20260722T180000Z.json,BTCUSDT,environment,2026-07-22T02:59:59.999000+00:00,momentum_breakout:short:1,missed_entry,momentum_breakout,,,short,geometry_rejected,GEOMETRY_REJECTED,geometry_rejected,,,,,,,,,,4.109723940183791,2.3641604117761714,0.0,0.0,16.156335121999096,0.0,16.156335121999096,0.0,,,,,,,False,False,False,False,False,0.0,,
BTCUSDT_environment_15m_20_20260722T180000Z.json,BTCUSDT,environment,2026-07-22T02:59:59.999000+00:00,momentum_breakout:short:2,target,momentum_breakout,,,short,geometry_rejected,TARGET_BELOW_MINIMUM_NET_R,geometry_rejected,,,,,,,,,,1.3802588973474024,0.5674448414471002,1.1019623165611478,0.5348443354940088,6.9919228118893715,0.471765954920855,5.889960495328223,0.5674449518677929,target,0,,9,2026-07-22T05:14:59.999000+00:00,False,True,True,False,False,False,1.941972569089,,
BTCUSDT_environment_15m_20_20260722T180000Z.json,BTCUSDT,environment,2026-07-22T07:59:59.999000+00:00,breakout_retest:short:0,stop,breakout_retest,,,short,geometry_rejected,TARGET_TOO_DISTANT,geometry_rejected,,,,,,,,,,2.833941302838122,1.4021535513063381,0.9378202745106347,2.467390034472009,6.991972100930993,4.529408200738737,6.054151826420358,-2.434088196313429,stop,1,2026-07-22T08:14:59.999000+00:00,0,,False,True,False,False,False,False,0.668842776625,,INVALID_GEOMETRY
BTCUSDT_environment_15m_20_20260722T180000Z.json,BTCUSDT,environment,2026-07-22T12:59:59.999000+00:00,breakout_continuation:short:0,stop,breakout_continuation,,,short,geometry_rejected,COST_INVALID_GEOMETRY,geometry_rejected,,,,,,,,,,3.0124248927787067,-0.44620599596919996,2.3412831129181026,6.662765007283083,6.011675915763794,30.519465021589262,3.6703928028456914,-4.461038423683685,same_candle_ambiguous_stop_first,3,2026-07-22T13:44:59.999000+00:00,3,2026-07-22T13:44:59.999000+00:00,True,True,True,True,True,False,0.777208792336,,AMBIGUOUS_SAME_CANDLE
BTCUSDT_micro_1m_20_20260722T180000Z.json,BTCUSDT,micro,2026-07-22T16:59:59.999000+00:00,breakout_retest:short:0,stop,breakout_retest,,,short,geometry_rejected,COST_INVALID_GEOMETRY,geometry_rejected,,,,,,,,,,1.584860912710596,-1.0647309150744335,0.2698399353418201,1.4542571261634154,5.795586116585809,1.6549284477990482,5.5257461812439885,-3.6511428243326702,stop,4,2026-07-22T17:03:59.999000+00:00,0,,False,False,False,False,False,False,0.170260956768,,INVALID_GEOMETRY
BTCUSDT_micro_1m_20_20260722T180000Z.json,BTCUSDT,micro,2026-07-22T17:19:59.999000+00:00,breakout_retest:short:0,missed_entry,breakout_retest,,,short,geometry_rejected,TARGET_BELOW_MINIMUM_NET_R,geometry_rejected,,,,,,,,,,1.3539349955530255,0.5505718563387897,0.0,0.0,2.1514568189767203,0.0,2.1514568189767203,0.0,,,,,,,False,False,False,False,False,0.0,,
BTCUSDT_micro_1m_20_20260722T180000Z.json,BTCUSDT,micro,2026-07-22T17:39:59.999000+00:00,breakout_retest:short:0,target,breakout_retest,,,short,geometry_rejected,TARGET_BELOW_MINIMUM_NET_R,geometry_rejected,,,,,,,,,,1.099864597068086,0.3636229145931157,0.9032115593027165,0.9300476279505688,1.188046973410904,0.9214562921216857,0.2848354141081876,0.3636230025822158,target,0,,16,2026-07-22T17:55:59.999000+00:00,False,True,False,False,False,False,2.483923655673,,
BTCUSDT_standard_5m_24_20260722T180000Z.json,BTCUSDT,standard,2026-07-22T07:59:59.999000+00:00,breakout_retest:short:0,stop,breakout_retest,,,short,geometry_rejected,TARGET_TOO_DISTANT,geometry_rejected,,,,,,,,,,2.833941302838122,1.4021535513063381,0.9378202745106347,1.306955236438833,1.4007939970208787,4.529408200738737,0.46297372251024405,-2.434088196313429,stop,1,2026-07-22T08:04:59.999000+00:00,0,,False,True,False,False,False,False,0.668842776625,,INVALID_GEOMETRY
BTCUSDT_standard_5m_24_20260722T180000Z.json,BTCUSDT,standard,2026-07-22T09:59:59.999000+00:00,breakout_retest:short:0,stop,breakout_retest,,,short,geometry_rejected,TARGET_BELOW_MINIMUM_NET_R,geometry_rejected,,,,,,,,,,1.1504940305392677,0.06765124193703365,0.11289770728808173,1.8801273656194566,0.9178606167915973,2.0390685522329193,0.8049629095035156,-2.0841331650206185,stop,10,2026-07-22T10:49:59.999000+00:00,0,,False,False,False,False,False,False,1.668819434138,,INVALID_GEOMETRY
BTCUSDT_standard_5m_24_20260722T180000Z.json,BTCUSDT,standard,2026-07-22T11:59:59.999000+00:00,breakout_retest:short:0,target,breakout_retest,,,short,geometry_rejected,GEOMETRY_REJECTED,geometry_rejected,,,,,,,,,,3.674562149463884,1.3820803498785859,2.7945644915839543,0.37307925217926285,13.806778200210278,0.13331481889388838,11.012213708626323,1.3820806438433102,target,0,,2,2026-07-22T12:09:59.999000+00:00,False,True,True,True,True,False,2.021998570365,,
BTWUSDT_environment_15m_20_20260722T180000Z.json,BTWUSDT,environment,2026-07-22T02:59:59.999000+00:00,momentum_breakout:short:0,stop,momentum_breakout,break_continuation,momentum_breakout,short,retained_primary,VALID_GEOMETRY,primary,accepted,CONFIRMATION_AT_CMP,market_near,True,mixed,moderate,60.78196644007837,47.207895,70.5,6.270563618261663,5.754631727069473,2.9361463805488937,1.1236622269228225,20.1666367622487,20.544761201540805,17.230490381699806,-1.5202943093631496,stop,1,2026-07-22T03:14:59.999000+00:00,0,,False,True,True,True,True,False,0.510223159327,STRATEGY_OUTSIDE_ROUTE_PRIORITY|PREFERRED_DIRECTION_CONFLICT|ENVIRONMENT_ROUTE_WARNING|SCORE_AND_CONFLICT_REQUIREMENTS_MET,GENUINE_PROFIT_AVAILABLE_THEN_STOP
BTWUSDT_environment_15m_20_20260722T180000Z.json,BTWUSDT,environment,2026-07-22T12:59:59.999000+00:00,breakout_continuation:short:0,stop,breakout_continuation,,,short,geometry_rejected,GEOMETRY_REJECTED,geometry_rejected,,,,,,,,,,5.8360386550999275,5.019556722980219,3.9518439474063967,5.077542919508729,27.872115645908355,5.634795942855179,23.92027169850196,-1.8205836353127005,stop,1,2026-07-22T13:14:59.999000+00:00,0,,False,True,True,True,True,True,0.787289429227,,INVALID_GEOMETRY
BTWUSDT_environment_15m_20_20260722T180000Z.json,BTWUSDT,environment,2026-07-22T12:59:59.999000+00:00,breakout_retest:short:0,stop,breakout_retest,,,short,geometry_rejected,GEOMETRY_REJECTED,geometry_rejected,,,,,,,,,,6.198190389518847,5.3814911663584875,4.270117457935591,4.758694076256949,28.234267380327275,5.272644208436259,23.964149922391684,-1.8210182173940928,stop,1,2026-07-22T13:14:59.999000+00:00,0,,False,True,True,True,True,True,0.793482201482,,INVALID_GEOMETRY
BTWUSDT_micro_1m_20_20260722T180000Z.json,BTWUSDT,micro,2026-07-22T17:19:59.999000+00:00,breakout_retest:short:0,target,breakout_retest,,,short,geometry_rejected,GEOMETRY_REJECTED,geometry_rejected,,,,,,,,,,5.51142676821548,4.805301352941352,8.689795431048257,0.5019316921480016,14.000087289036143,0.4430407369947664,5.310291857987886,4.80530179385548,target,0,,12,2026-07-22T17:31:59.999000+00:00,False,True,True,True,True,True,1.80837678905,,
BTWUSDT_micro_1m_20_20260722T180000Z.json,BTWUSDT,micro,2026-07-22T17:39:59.999000+00:00,momentum_breakout:short:0,expired,momentum_breakout,break_continuation,momentum_breakout,short,retained_primary,VALID_GEOMETRY,primary,accepted_with_conflict_warning,CONFIRMATION_AT_CMP,market_near,True,mixed,moderate,56.99114448680416,45.357276,79.75,1.767043510856942,1.6520423815171554,0.3566238848422412,0.6401617158980273,0.38286581932650454,0.6332011627323046,0.02624193448426332,-0.2192024702975176,expired,0,,0,,False,False,False,False,False,False,0.215868484267,STRATEGY_OUTSIDE_ROUTE_PRIORITY|ENVIRONMENT_ROUTE_WARNING|ACCEPTED_WITH_WARNING|WARNING_THRESHOLD_BAND,
BTWUSDT_micro_1m_20_20260722T180000Z.json,BTWUSDT,micro,2026-07-22T17:39:59.999000+00:00,momentum_breakout:short:1,missed_entry,momentum_breakout,,,short,geometry_rejected,TARGET_TOO_DISTANT,geometry_rejected,,,,,,,,,,12.958283253391993,12.383074633791741,0.0,0.0,6.064981752536389,0.0,6.064981752536389,0.0,,,,,,,False,False,False,False,False,0.0,,
BTWUSDT_micro_1m_20_20260722T180000Z.json,BTWUSDT,micro,2026-07-22T17:39:59.999000+00:00,breakout_retest:short:0,missed_entry,breakout_retest,,,short,geometry_rejected,TARGET_TOO_DISTANT,geometry_rejected,,,,,,,,,,13.78006978658454,13.205328095064372,0.0,0.0,6.086768285729018,0.0,6.086768285729018,0.0,,,,,,,False,False,False,False,False,0.0,,
BTWUSDT_standard_5m_24_20260722T180000Z.json,BTWUSDT,standard,2026-07-22T09:59:59.999000+00:00,breakout_retest:short:0,missed_entry,breakout_retest,,,short,geometry_rejected,GEOMETRY_REJECTED,geometry_rejected,,,,,,,,,,5.72491183339257,5.073260019852958,0.0,0.0,17.958969997902514,0.0,17.958969997902514,0.0,,,,,,,False,False,False,False,False,0.0,,
BTWUSDT_standard_5m_24_20260722T180000Z.json,BTWUSDT,standard,2026-07-22T11:59:59.999000+00:00,momentum_breakout:long:0,target,momentum_breakout,,,long,geometry_rejected,TARGET_BELOW_MINIMUM_NET_R,geometry_rejected,,,,,,,,,,0.2356741558138281,0.1582240866404182,0.3874821492949214,0.34777456396032586,0.46192134539510676,1.7345617867897682,0.07443919610018535,0.15822410549435978,target,0,,3,2026-07-22T12:14:59.999000+00:00,False,False,False,False,False,False,2.448945400933,,
BTWUSDT_standard_5m_24_20260722T180000Z.json,BTWUSDT,standard,2026-07-22T11:59:59.999000+00:00,momentum_breakout:long:1,stop,momentum_breakout,,,long,geometry_rejected,TARGET_BELOW_MINIMUM_NET_R,geometry_rejected,,,,,,,,,,1.1466893971334569,1.0125807145351073,0.31497042504286654,1.0147605627115757,1.5397399766250206,2.276126065938844,1.224769551582154,-1.1328207489600624,stop,8,2026-07-22T12:39:59.999000+00:00,0,,False,False,False,False,False,False,0.311057104408,,INVALID_GEOMETRY
BTWUSDT_standard_5m_24_20260722T180000Z.json,BTWUSDT,standard,2026-07-22T11:59:59.999000+00:00,breakout_continuation:long:0,stop,breakout_continuation,,,long,geometry_rejected,STOP_TOO_TIGHT,geometry_rejected,,,,,,,,,,6.832811471889879,6.017805602673236,2.498025804648517,2.38720094635432,5.842548939732029,17.2305680595484,3.344523135083512,-1.8103062623336192,stop,1,2026-07-22T12:04:59.999000+00:00,0,,False,True,True,True,True,False,0.415105766052,,INVALID_GEOMETRY
BTWUSDT_standard_5m_24_20260722T180000Z.json,BTWUSDT,standard,2026-07-22T13:59:59.999000+00:00,momentum_breakout:short:0,target,momentum_breakout,break_continuation,momentum_breakout,short,score_or_collision_rejected,GEOMETRY_REJECTED,rejected,rejected_below_score_threshold,CONFIRMATION_AT_CMP,momentum_continuation,True,mixed,moderate,44.27451214544847,32.816034,50.767,3.3105014784659956,3.06141333169871,4.546912412848896,0.11199567390732848,5.799265909734489,0.07483647462592508,1.2523534968855925,3.0614135965388356,target,0,,18,2026-07-22T15:29:59.999000+00:00,False,True,True,True,True,True,1.485233099944,STRATEGY_OUTSIDE_ROUTE_PRIORITY|ENVIRONMENT_ROUTE_WARNING|SCORE_BELOW_WARNING_THRESHOLD,
BTWUSDT_standard_5m_24_20260722T180000Z.json,BTWUSDT,standard,2026-07-22T13:59:59.999000+00:00,momentum_breakout:short:0,target,momentum_breakout,,,short,geometry_rejected,TARGET_BELOW_MINIMUM_NET_R,geometry_rejected,,,,,,,,,,0.2800098125758786,0.20646454675410458,0.6952634325563475,0.7286055466659922,1.019052104784346,0.7252713178194886,0.32378867222799845,0.2064645691548869,target,0,,18,2026-07-22T15:29:59.999000+00:00,False,True,False,False,False,False,3.367471284958,,
BTWUSDT_standard_5m_24_20260722T180000Z.json,BTWUSDT,standard,2026-07-22T13:59:59.999000+00:00,breakout_continuation:short:0,stop,breakout_continuation,,,short,geometry_rejected,STOP_TOO_TIGHT,geometry_rejected,,,,,,,,,,16.13489820088764,15.420444908552339,3.171693570723586,1.5474219868220715,13.62502514741622,3.406256286853962,10.453331576692634,-1.724734311255897,stop,2,2026-07-22T14:09:59.999000+00:00,0,,False,True,True,True,True,True,0.205681067539,,INVALID_GEOMETRY
BTWUSDT_standard_5m_24_20260722T180000Z.json,BTWUSDT,standard,2026-07-22T15:59:59.999000+00:00,trend_pullback:short:0,stop,trend_pullback,trend_pullback,,short,retained_primary,VALID_GEOMETRY,primary,accepted,PULLBACK_PREFERRED,retest,True,mixed,moderate,61.74995742397851,56.013684,95.5,3.479511276800765,2.866885324665385,0.39802632966621027,3.1088135792875393,8.582794482775105,6.0311528797879355,8.184768153108894,-1.6153137389015448,stop,1,2026-07-22T16:04:59.999000+00:00,0,,False,False,False,False,False,False,0.138835804223,LOWER_ROUTE_PRIORITY|ENVIRONMENT_ROUTE_WARNING|SCORE_AND_CONFLICT_REQUIREMENTS_MET,POST_STOP_RECOVERY_ONLY
BULLAUSDT_environment_15m_20_20260722T180000Z.json,BULLAUSDT,environment,2026-07-22T02:59:59.999000+00:00,breakout_retest:long:0,stop,breakout_retest,,,long,geometry_rejected,GEOMETRY_REJECTED,geometry_rejected,,,,,,,,,,5.23291221079825,4.729523403404882,4.568396292706203,2.509914692446543,24.610213854352555,20.51710687297655,20.04181756164635,-1.4996491400668641,stop,2,2026-07-22T03:29:59.999000+00:00,0,,False,True,True,True,True,True,0.965931638993,,INVALID_GEOMETRY
BULLAUSDT_environment_15m_20_20260722T180000Z.json,BULLAUSDT,environment,2026-07-22T07:59:59.999000+00:00,breakout_retest:long:0,stop,breakout_retest,,,long,geometry_rejected,STOP_TOO_TIGHT,geometry_rejected,,,,,,,,,,1.0822028282654728,0.7128539849321898,2.4827640549923258,7.556529064754561,19.4534685822886,9.713643127899163,16.970704527296274,-1.3680996016363076,same_candle_ambiguous_stop_first,1,2026-07-22T08:14:59.999000+00:00,1,2026-07-22T08:14:59.999000+00:00,True,True,True,True,True,False,3.482850776556,,AMBIGUOUS_SAME_CANDLE
BULLAUSDT_environment_15m_20_20260722T180000Z.json,BULLAUSDT,environment,2026-07-22T12:59:59.999000+00:00,breakout_retest:long:0,missed_entry,breakout_retest,,,long,geometry_rejected,GEOMETRY_REJECTED,geometry_rejected,,,,,,,,,,6.644137586308202,6.185891916539738,0.0,0.0,41.080419612587605,0.0,41.080419612587605,0.0,,,,,,,False,False,False,False,False,0.0,,
BULLAUSDT_micro_1m_20_20260722T180000Z.json,BULLAUSDT,micro,2026-07-22T17:19:59.999000+00:00,compression_expansion:short:0,stop,compression_expansion,compression_expansion,,short,retained_primary,VALID_GEOMETRY,primary,accepted_with_conflict_warning,PULLBACK_PREFERRED,retest,True,countertrend_scalp,strong,59.606497428766346,38.076747,97.75,10.938213630623194,10.530048962797512,1.532655375693324,1.0285450386550414,4.8287134197098815,1.0305181078649168,3.2960580440165574,-1.4153276760040712,stop,20,2026-07-22T17:39:59.999000+00:00,0,,False,True,True,True,False,False,0.145550640943,STRATEGY_OUTSIDE_ROUTE_PRIORITY|PREFERRED_DIRECTION_CONFLICT|ENVIRONMENT_ROUTE_WARNING|ACCEPTED_WITH_WARNING|OPPOSING_DIRECTION_WARNING,MODERATE_PROFIT_AVAILABLE_THEN_STOP
BULLAUSDT_micro_1m_20_20260722T180000Z.json,BULLAUSDT,micro,2026-07-22T17:19:59.999000+00:00,breakout_retest:long:0,missed_entry,breakout_retest,break_retest,breakout_retest,long,score_or_collision_rejected,VALID_GEOMETRY,rejected,rejected_below_score_threshold,PULLBACK_PREFERRED,scaled_entry,False,with_trend,none,36.444485038408914,26.031184,58.8939,3.6068133775272093,3.1960164720202955,0.0,0.0,6.109500210913414,0.0,6.109500210913414,0.0,,,,,,,False,False,False,False,False,0.0,STRATEGY_OUTSIDE_ROUTE_PRIORITY|ENVIRONMENT_ROUTE_WARNING|SCORE_BELOW_WARNING_THRESHOLD,
BULLAUSDT_micro_1m_20_20260722T180000Z.json,BULLAUSDT,micro,2026-07-22T17:39:59.999000+00:00,breakout_retest:long:0,stop,breakout_retest,break_retest,breakout_retest,long,score_or_collision_rejected,VALID_GEOMETRY,rejected,rejected_below_score_threshold,PULLBACK_PREFERRED,pullback,False,with_trend,none,45.66312879953448,34.197897,71.4484,2.9893725264373576,2.580917461322776,2.0594772161822523,1.296809737554802,2.960471190128981,2.4440786995413837,0.9009939739467288,-1.4060615215987085,stop,17,2026-07-22T17:56:59.999000+00:00,0,,False,True,True,True,True,False,0.797963223174,STRATEGY_OUTSIDE_ROUTE_PRIORITY|ENVIRONMENT_ROUTE_WARNING|SCORE_BELOW_WARNING_THRESHOLD,GENUINE_PROFIT_AVAILABLE_THEN_STOP
BULLAUSDT_standard_5m_24_20260722T180000Z.json,BULLAUSDT,standard,2026-07-22T07:59:59.999000+00:00,breakout_retest:long:0,stop,breakout_retest,,,long,geometry_rejected,STOP_TOO_TIGHT,geometry_rejected,,,,,,,,,,1.0822028282654728,0.7128539849321898,2.4827640549923258,2.4258829495030767,19.4534685822886,7.959427253049465,16.970704527296274,-1.3680996016363076,same_candle_ambiguous_stop_first,1,2026-07-22T08:04:59.999000+00:00,1,2026-07-22T08:04:59.999000+00:00,True,True,True,True,True,False,3.482850776556,,AMBIGUOUS_SAME_CANDLE
BULLAUSDT_standard_5m_24_20260722T180000Z.json,BULLAUSDT,standard,2026-07-22T09:59:59.999000+00:00,breakout_retest:long:0,stop,breakout_retest,,,long,geometry_rejected,STOP_TOO_TIGHT,geometry_rejected,,,,,,,,,,5.968896532572592,5.6932957740327,3.7078749983740957,3.1663282250771587,5.756411542739931,5.138273390499419,2.0485365443658354,-1.271419500620359,stop,5,2026-07-22T10:24:59.999000+00:00,0,,False,True,True,True,True,True,0.651270396891,,INVALID_GEOMETRY
BULLAUSDT_standard_5m_24_20260722T180000Z.json,BULLAUSDT,standard,2026-07-22T11:59:59.999000+00:00,breakout_continuation:long:0,stop,breakout_continuation,,,long,geometry_rejected,GEOMETRY_REJECTED,geometry_rejected,,,,,,,,,,2.06954864624634,1.708910632150448,1.8960755160337006,1.285922563142434,22.432885325979,9.146894016743115,20.5368098099453,-1.3587963649081576,same_candle_ambiguous_stop_first,1,2026-07-22T12:04:59.999000+00:00,1,2026-07-22T12:04:59.999000+00:00,True,True,True,True,False,False,1.109522920837,,AMBIGUOUS_SAME_CANDLE
BULLAUSDT_standard_5m_24_20260722T180000Z.json,BULLAUSDT,standard,2026-07-22T11:59:59.999000+00:00,breakout_retest:long:0,stop,breakout_retest,,,long,geometry_rejected,GEOMETRY_REJECTED,geometry_rejected,,,,,,,,,,7.777414912560365,7.421109153630615,1.8996123644069611,2.589587975333717,28.897031097587973,2.682748245134141,26.99741873318101,-1.3510393899822315,stop,5,2026-07-22T12:24:59.999000+00:00,0,,False,True,True,True,False,False,0.255974184597,,INVALID_GEOMETRY
BULLAUSDT_standard_5m_24_20260722T180000Z.json,BULLAUSDT,standard,2026-07-22T13:59:59.999000+00:00,breakout_retest:long:0,missed_entry,breakout_retest,break_retest,breakout_retest,long,score_or_collision_rejected,VALID_GEOMETRY,rejected,rejected_below_score_threshold,PULLBACK_PREFERRED,pullback,False,with_trend,none,27.129954304055424,17.144075,57.6162,3.445030971260755,3.0648857892889887,0.0,0.0,12.836305281940138,0.0,12.836305281940138,0.0,,,,,,,False,False,False,False,False,0.0,STRATEGY_OUTSIDE_ROUTE_PRIORITY|ENVIRONMENT_ROUTE_WARNING|SCORE_BELOW_WARNING_THRESHOLD,
BULLAUSDT_standard_5m_24_20260722T180000Z.json,BULLAUSDT,standard,2026-07-22T15:59:59.999000+00:00,breakout_continuation:short:0,target,breakout_continuation,break_continuation,breakout_continuation,short,score_or_collision_rejected,VALID_GEOMETRY,rejected,rejected_below_score_threshold,PULLBACK_PREFERRED,retest,True,countertrend_scalp,strong,45.860727626406614,23.463243,63.0891,4.954232021977078,4.4824305980601595,6.690679451951621,0.10393308675193672,15.192978200729634,3.038595640145927,8.502298748778014,4.482430994398721,target,0,,1,2026-07-22T16:04:59.999000+00:00,False,True,True,True,True,True,1.492645408687,STRATEGY_OUTSIDE_ROUTE_PRIORITY|PREFERRED_DIRECTION_CONFLICT|ENVIRONMENT_ROUTE_WARNING|SCORE_BELOW_WARNING_THRESHOLD,
EPICUSDT_environment_15m_20_20260722T180000Z.json,EPICUSDT,environment,2026-07-22T02:59:59.999000+00:00,breakout_continuation:short:0,stop,breakout_continuation,break_continuation,breakout_continuation,short,retained_primary,VALID_GEOMETRY,primary,accepted,PULLBACK_PREFERRED,retest,False,with_trend,none,71.08694958403419,58.789245,97.75,7.177852912146536,6.910330111844416,4.561423861782291,1.9014044953437421,5.320055687826228,21.19577742292682,0.7586318260439366,-1.2724295920494062,stop,2,2026-07-22T03:29:59.999000+00:00,0,,False,True,True,True,True,True,0.660087693056,CANONICAL_ROUTE_ALIGNMENT|PREFERRED_DIRECTION_CONFLICT|ENVIRONMENT_ROUTE_WARNING|SCORE_AND_CONFLICT_REQUIREMENTS_MET,GENUINE_PROFIT_AVAILABLE_THEN_STOP
EPICUSDT_environment_15m_20_20260722T180000Z.json,EPICUSDT,environment,2026-07-22T12:59:59.999000+00:00,breakout_retest:long:0,target,breakout_retest,,,long,geometry_rejected,GEOMETRY_REJECTED,geometry_rejected,,,,,,,,,,4.351063552535824,4.214102805803272,4.627573987614756,0.5655899182080901,6.6320175734686995,2.376792425173742,2.0044435858539433,4.21410315388836,target,0,,7,2026-07-22T14:44:59.999000+00:00,False,True,True,True,True,True,1.098116064288,,
EPICUSDT_micro_1m_20_20260722T180000Z.json,EPICUSDT,micro,2026-07-22T16:59:59.999000+00:00,breakout_retest:long:0,stop,breakout_retest,break_retest,breakout_retest,long,score_or_collision_rejected,VALID_GEOMETRY,rejected,rejected_below_score_threshold,PULLBACK_PREFERRED,retest,True,countertrend_scalp,strong,33.76647567712978,24.263412,67.9818,5.176015053964234,4.773855381093966,1.1900854067579811,1.57573465718305,6.400448722643937,1.6140261996232677,5.210363315885956,-1.398454143837897,stop,20,2026-07-22T17:19:59.999000+00:00,0,,False,True,True,False,False,False,0.249292303967,STRATEGY_OUTSIDE_ROUTE_PRIORITY|ENVIRONMENT_ROUTE_WARNING|SCORE_BELOW_WARNING_THRESHOLD,MODERATE_PROFIT_AVAILABLE_THEN_STOP
EPICUSDT_micro_1m_20_20260722T180000Z.json,EPICUSDT,micro,2026-07-22T17:39:59.999000+00:00,breakout_retest:long:0,stop,breakout_retest,break_retest,breakout_retest,long,score_or_collision_rejected,VALID_GEOMETRY,rejected,rejected_below_score_threshold,PULLBACK_PREFERRED,retest,True,countertrend_scalp,strong,35.94384894713142,26.378718,64.8409,2.869788662074451,2.450600389218704,1.4681508910852783,1.1054389896027472,3.9825638575727114,1.1127751954982605,2.5144129664874333,-1.4168664796584922,stop,1,2026-07-22T17:40:59.999000+00:00,0,,False,True,True,False,False,False,0.599098448504,STRATEGY_OUTSIDE_ROUTE_PRIORITY|ENVIRONMENT_ROUTE_WARNING|SCORE_BELOW_WARNING_THRESHOLD,MODERATE_PROFIT_AVAILABLE_THEN_STOP
EPICUSDT_standard_5m_24_20260722T180000Z.json,EPICUSDT,standard,2026-07-22T11:59:59.999000+00:00,breakout_retest:long:0,stop,breakout_retest,break_retest,breakout_retest,long,score_or_collision_rejected,VALID_GEOMETRY,rejected,rejected_below_score_threshold,PULLBACK_PREFERRED,pullback,True,mixed,moderate,51.23693059595254,40.53458,95.5,4.9101035265193875,4.608703715190838,1.560264390000451,15.60780619851332,3.0402661341155413,47.52491100940201,1.4800017441150903,-1.2978538292126613,stop,2,2026-07-22T12:09:59.999000+00:00,0,,False,True,True,True,False,False,0.338547341383,STRATEGY_OUTSIDE_ROUTE_PRIORITY|ENVIRONMENT_ROUTE_WARNING|SCORE_BELOW_WARNING_THRESHOLD,MODERATE_PROFIT_AVAILABLE_THEN_STOP
EPICUSDT_standard_5m_24_20260722T180000Z.json,EPICUSDT,standard,2026-07-22T13:59:59.999000+00:00,breakout_retest:long:0,stop,breakout_retest,,,long,geometry_rejected,STOP_TOO_TIGHT,geometry_rejected,,,,,,,,,,1.4376883334211037,1.2249045919591344,2.091356089004683,3.803284373688153,2.992738979774529,8.860854626391266,0.9013828907698462,-1.211321208461942,same_candle_ambiguous_stop_first,1,2026-07-22T14:04:59.999000+00:00,1,2026-07-22T14:04:59.999000+00:00,True,True,True,True,True,False,1.707362436824,,AMBIGUOUS_SAME_CANDLE
EPICUSDT_standard_5m_24_20260722T180000Z.json,EPICUSDT,standard,2026-07-22T15:59:59.999000+00:00,breakout_retest:long:0,stop,breakout_retest,,,long,geometry_rejected,STOP_TOO_TIGHT,geometry_rejected,,,,,,,,,,1.7529129030828083,1.4296512470464169,4.531630848172229,2.2507967891306206,6.954592322120129,2.317966642250766,2.4229614739478995,-1.321609988294518,same_candle_ambiguous_stop_first,1,2026-07-22T16:04:59.999000+00:00,1,2026-07-22T16:04:59.999000+00:00,True,True,True,True,True,True,3.169745668767,,AMBIGUOUS_SAME_CANDLE
ERAUSDT_environment_15m_20_20260722T180000Z.json,ERAUSDT,environment,2026-07-22T02:59:59.999000+00:00,breakout_retest:short:0,stop,breakout_retest,,,short,geometry_rejected,STOP_TOO_TIGHT,geometry_rejected,,,,,,,,,,9.720441001935082,9.369569574888441,6.0187886111296764,6.005762014618483,19.872164369143707,55.63542512029054,13.853375758014032,-1.3573037716478131,stop,6,2026-07-22T04:29:59.999000+00:00,0,,False,True,True,True,True,True,0.642376211951,,INVALID_GEOMETRY
ERAUSDT_environment_15m_20_20260722T180000Z.json,ERAUSDT,environment,2026-07-22T07:59:59.999000+00:00,compression_expansion:long:0,stop,compression_expansion,compression_expansion,,long,score_or_collision_rejected,VALID_GEOMETRY,rejected,rejected_below_score_threshold,MISSED_ENTRY,retest,True,countertrend_scalp,strong,49.8205325573745,32.980921,52.372,5.687549603186863,5.507633450739386,46.80851317435909,9.725263371254186,49.19155906796713,20.380386078086225,2.3830458936080348,-1.1759037026855748,same_candle_ambiguous_stop_first,2,2026-07-22T08:29:59.999000+00:00,2,2026-07-22T08:29:59.999000+00:00,True,True,True,True,True,True,8.498843213336,STRATEGY_OUTSIDE_ROUTE_PRIORITY|PREFERRED_DIRECTION_CONFLICT|ENVIRONMENT_ROUTE_WARNING|SCORE_BELOW_WARNING_THRESHOLD,AMBIGUOUS_SAME_CANDLE
ERAUSDT_environment_15m_20_20260722T180000Z.json,ERAUSDT,environment,2026-07-22T12:59:59.999000+00:00,breakout_continuation:short:0,stop,breakout_continuation,break_continuation,breakout_continuation,short,retained_primary,VALID_GEOMETRY,primary,accepted,PULLBACK_PREFERRED,retest,False,with_trend,none,69.9104271362938,60.840653,97.75,3.2836182877483653,3.0628803319727695,2.0990657158869155,4.992995953796447,11.595863439019913,9.907145462463642,9.496797723132998,-1.2233082067482428,stop,1,2026-07-22T13:14:59.999000+00:00,0,,False,True,True,True,True,False,0.685324102929,STRATEGY_OUTSIDE_ROUTE_PRIORITY|ENVIRONMENT_ROUTE_WARNING|SCORE_AND_CONFLICT_REQUIREMENTS_MET,GENUINE_PROFIT_AVAILABLE_THEN_STOP
ERAUSDT_environment_15m_20_20260722T180000Z.json,ERAUSDT,environment,2026-07-22T12:59:59.999000+00:00,breakout_retest:short:0,stop,breakout_retest,,,short,geometry_rejected,TARGET_BELOW_MINIMUM_NET_R,geometry_rejected,,,,,,,,,,0.6754871906225187,0.4531843561886474,2.0990657158869155,4.992995953796447,11.595863439019913,9.907145462463642,9.496797723132998,-1.2233082067482428,same_candle_ambiguous_stop_first,1,2026-07-22T13:14:59.999000+00:00,1,2026-07-22T13:14:59.999000+00:00,True,True,True,True,True,False,4.63181415515,,AMBIGUOUS_SAME_CANDLE
ERAUSDT_micro_1m_20_20260722T180000Z.json,ERAUSDT,micro,2026-07-22T16:59:59.999000+00:00,momentum_breakout:short:0,expired,momentum_breakout,break_continuation,momentum_breakout,short,retained_primary,VALID_GEOMETRY,primary,accepted,CONFIRMATION_AT_CMP,market_near,False,with_trend,none,65.98079898520938,59.997499,70.5,4.904458349511441,4.577112345118389,1.0679599018152874,0.8362710070034449,1.1817971926533868,4.786278630246069,0.11383729083809935,-0.38941399767839285,expired,0,,0,,False,True,True,False,False,False,0.233326128198,STRATEGY_OUTSIDE_ROUTE_PRIORITY|SCORE_AND_CONFLICT_REQUIREMENTS_MET,
ERAUSDT_micro_1m_20_20260722T180000Z.json,ERAUSDT,micro,2026-07-22T16:59:59.999000+00:00,breakout_continuation:short:0,stop,breakout_continuation,,,short,geometry_rejected,STOP_TOO_TIGHT,geometry_rejected,,,,,,,,,,16.14630414462643,15.82371782842679,1.4872307474272488,1.956106964213711,2.836313262368055,3.1317625605314015,1.349082514940806,-1.3328741786864324,stop,1,2026-07-22T17:00:59.999000+00:00,0,,False,True,True,False,False,False,0.093987441103,,INVALID_GEOMETRY
ERAUSDT_standard_5m_24_20260722T180000Z.json,ERAUSDT,standard,2026-07-22T07:59:59.999000+00:00,compression_expansion:long:0,stop,compression_expansion,compression_expansion,,long,score_or_collision_rejected,VALID_GEOMETRY,rejected,rejected_below_score_threshold,MISSED_ENTRY,retest,True,countertrend_scalp,strong,49.8205325573745,32.980921,52.372,5.687549603186863,5.507633450739386,6.654463594330712,9.725263371254186,49.19155906796713,20.380386078086225,42.53709547363641,-1.1759037026855748,same_candle_ambiguous_stop_first,6,2026-07-22T08:29:59.999000+00:00,6,2026-07-22T08:29:59.999000+00:00,True,True,True,True,True,True,1.208225575258,STRATEGY_OUTSIDE_ROUTE_PRIORITY|PREFERRED_DIRECTION_CONFLICT|ENVIRONMENT_ROUTE_WARNING|SCORE_BELOW_WARNING_THRESHOLD,AMBIGUOUS_SAME_CANDLE
ERAUSDT_standard_5m_24_20260722T180000Z.json,ERAUSDT,standard,2026-07-22T09:59:59.999000+00:00,breakout_retest:short:0,stop,breakout_retest,,,short,geometry_rejected,STOP_TOO_TIGHT,geometry_rejected,,,,,,,,,,2.2972280794737747,2.1792013884697305,1.466115228988604,2.5786261329325932,2.629592993099774,3.5093824703450323,1.1634777641111702,-1.1200051078517201,stop,2,2026-07-22T10:09:59.999000+00:00,0,,False,True,True,False,False,False,0.672776383471,,INVALID_GEOMETRY
ERAUSDT_standard_5m_24_20260722T180000Z.json,ERAUSDT,standard,2026-07-22T11:59:59.999000+00:00,breakout_retest:short:0,missed_entry,breakout_retest,,,short,geometry_rejected,STOP_TOO_TIGHT,geometry_rejected,,,,,,,,,,6.177577194496863,5.941945113272582,0.0,0.0,13.510466352724968,0.0,13.510466352724968,0.0,,,,,,,False,False,False,False,False,0.0,,
ERAUSDT_standard_5m_24_20260722T180000Z.json,ERAUSDT,standard,2026-07-22T13:59:59.999000+00:00,breakout_retest:short:0,stop,breakout_retest,,,short,geometry_rejected,TARGET_BELOW_MINIMUM_NET_R,geometry_rejected,,,,,,,,,,1.3592772906658026,1.057638556786053,1.0064176653759898,3.5946336318994443,11.654544177375321,10.219751481672558,10.648126511999331,-1.3030543802541708,stop,1,2026-07-22T14:04:59.999000+00:00,0,,False,True,True,False,False,False,0.951570514254,,INVALID_GEOMETRY
ERAUSDT_standard_5m_24_20260722T180000Z.json,ERAUSDT,standard,2026-07-22T15:59:59.999000+00:00,breakout_continuation:short:0,stop,breakout_continuation,,,short,geometry_rejected,TARGET_TOO_DISTANT,geometry_rejected,,,,,,,,,,23.783065182171416,23.485946460279067,2.1595798869527854,5.939784113784857,11.831440624033595,6.1961494915932365,9.67186073708081,-1.3119886410016592,stop,1,2026-07-22T16:04:59.999000+00:00,0,,False,True,True,True,True,False,0.091952005877,,INVALID_GEOMETRY
ESPORTSUSDT_environment_15m_20_20260722T180000Z.json,ESPORTSUSDT,environment,2026-07-22T02:59:59.999000+00:00,breakout_retest:long:0,stop,breakout_retest,break_retest,breakout_retest,long,retained_primary,VALID_GEOMETRY,primary,accepted,PULLBACK_PREFERRED,pullback,True,mixed,moderate,62.958222078613204,53.869967,70.5,7.241091083801263,6.915448721835944,2.6285756181973894,9.281358769205708,2.8228844560217325,28.19292607099078,0.19430883782434316,-1.3206977873150305,stop,1,2026-07-22T03:14:59.999000+00:00,0,,False,True,True,True,True,False,0.380101960687,STRATEGY_OUTSIDE_ROUTE_PRIORITY|ENVIRONMENT_ROUTE_WARNING|SCORE_AND_CONFLICT_REQUIREMENTS_MET,GENUINE_PROFIT_AVAILABLE_THEN_STOP
ESPORTSUSDT_environment_15m_20_20260722T180000Z.json,ESPORTSUSDT,environment,2026-07-22T02:59:59.999000+00:00,breakout_continuation:long:0,stop,breakout_continuation,break_continuation,breakout_continuation,long,score_or_collision_rejected,VALID_GEOMETRY,rejected,rejected_below_score_threshold,PULLBACK_PREFERRED,retest,True,mixed,moderate,43.330118207247736,32.360769,97.75,9.98514697878179,9.66115105035346,5.23640581201425,6.679735887948599,5.56694035100226,25.44887017601025,0.3305345389880099,-1.3174049202410565,stop,1,2026-07-22T03:14:59.999000+00:00,0,,False,True,True,True,True,True,0.542006411526,STRATEGY_OUTSIDE_ROUTE_PRIORITY|ENVIRONMENT_ROUTE_WARNING|SCORE_BELOW_WARNING_THRESHOLD,GENUINE_PROFIT_AVAILABLE_THEN_STOP
ESPORTSUSDT_environment_15m_20_20260722T180000Z.json,ESPORTSUSDT,environment,2026-07-22T07:59:59.999000+00:00,breakout_retest:long:0,missed_entry,breakout_retest,,,long,geometry_rejected,GEOMETRY_REJECTED,geometry_rejected,,,,,,,,,,5.777890068493836,5.526685186439011,0.0,0.0,25.407901198633187,0.0,25.407901198633187,0.0,,,,,,,False,False,False,False,False,0.0,,
ESPORTSUSDT_environment_15m_20_20260722T180000Z.json,ESPORTSUSDT,environment,2026-07-22T12:59:59.999000+00:00,breakout_retest:long:0,stop,breakout_retest,break_retest,breakout_retest,long,retained_primary,VALID_GEOMETRY,primary,accepted,PULLBACK_PREFERRED,scaled_entry,True,mixed,moderate,59.66098231021036,47.991475,93.0308,2.153640887473005,1.8627999688539583,6.196467018399332,1.7054361541099927,15.32398323778871,11.016701462842699,9.127516219389378,-1.2889488140865721,same_candle_ambiguous_stop_first,1,2026-07-22T13:14:59.999000+00:00,1,2026-07-22T13:14:59.999000+00:00,True,True,True,True,True,True,3.326426412929,STRATEGY_OUTSIDE_ROUTE_PRIORITY|ENVIRONMENT_ROUTE_WARNING|SCORE_AND_CONFLICT_REQUIREMENTS_MET,AMBIGUOUS_SAME_CANDLE
ESPORTSUSDT_micro_1m_20_20260722T180000Z.json,ESPORTSUSDT,micro,2026-07-22T17:19:59.999000+00:00,breakout_retest:long:0,target,breakout_retest,,,long,geometry_rejected,STOP_TOO_TIGHT,geometry_rejected,,,,,,,,,,1.328262804365534,1.0180920159525608,2.029023134058394,0.4157499637736668,2.6993727959686793,3.6420109151958604,0.6703496619102851,1.0180921222135673,target,0,,1,2026-07-22T17:20:59.999000+00:00,False,True,True,True,True,False,1.992966354971,,
ESPORTSUSDT_micro_1m_20_20260722T180000Z.json,ESPORTSUSDT,micro,2026-07-22T17:39:59.999000+00:00,breakout_retest:long:0,missed_entry,breakout_retest,,,long,geometry_rejected,GEOMETRY_REJECTED,geometry_rejected,,,,,,,,,,1.6171929896774162,1.287963010054375,0.0,0.0,3.7225951837857356,0.0,3.7225951837857356,0.0,,,,,,,False,False,False,False,False,0.0,,
ESPORTSUSDT_standard_5m_24_20260722T180000Z.json,ESPORTSUSDT,standard,2026-07-22T07:59:59.999000+00:00,breakout_retest:long:0,missed_entry,breakout_retest,,,long,geometry_rejected,GEOMETRY_REJECTED,geometry_rejected,,,,,,,,,,5.777890068493836,5.526685186439011,0.0,0.0,18.667029452057033,0.0,18.667029452057033,0.0,,,,,,,False,False,False,False,False,0.0,,
ESPORTSUSDT_standard_5m_24_20260722T180000Z.json,ESPORTSUSDT,standard,2026-07-22T15:59:59.999000+00:00,breakout_continuation:long:0,stop,breakout_continuation,break_continuation,breakout_continuation,long,score_or_collision_rejected,VALID_GEOMETRY,rejected,rejected_below_score_threshold,MISSED_ENTRY,retest,True,mixed,moderate,39.75815821239719,27.702974,64.8064,5.881101661263068,5.564982752846561,4.045630250793409,3.817055425932882,6.462749078311079,8.87550873421387,2.41711882751767,-1.311990327419753,stop,8,2026-07-22T16:39:59.999000+00:00,0,,False,True,True,True,True,True,0.726979836321,STRATEGY_OUTSIDE_ROUTE_PRIORITY|ENVIRONMENT_ROUTE_WARNING|SCORE_BELOW_WARNING_THRESHOLD,GENUINE_PROFIT_AVAILABLE_THEN_STOP
ESPORTSUSDT_standard_5m_24_20260722T180000Z.json,ESPORTSUSDT,standard,2026-07-22T15:59:59.999000+00:00,momentum_breakout:long:0,target,momentum_breakout,,,long,geometry_rejected,TARGET_BELOW_MINIMUM_NET_R,geometry_rejected,,,,,,,,,,0.7714930831946183,0.6706514271114216,0.923649873565978,0.4193563926332349,0.9558321384712142,3.905257022896681,0.032182264905236124,0.6706514888308714,target,0,,3,2026-07-22T16:14:59.999000+00:00,False,True,False,False,False,False,1.377242836184,,
ETHUSDT_environment_15m_20_20260722T180000Z.json,ETHUSDT,environment,2026-07-22T02:59:59.999000+00:00,breakout_retest:short:0,stop,breakout_retest,,,short,geometry_rejected,GEOMETRY_REJECTED,geometry_rejected,,,,,,,,,,6.136416949656545,3.246233967044051,3.6660688803396635,2.216068239282388,26.502765063023684,9.947801543211567,22.836696182684022,-3.8944649127822624,stop,1,2026-07-22T03:14:59.999000+00:00,0,,False,True,True,True,True,True,1.12932983807,,INVALID_GEOMETRY
ETHUSDT_environment_15m_20_20260722T180000Z.json,ETHUSDT,environment,2026-07-22T07:59:59.999000+00:00,breakout_retest:short:0,stop,breakout_retest,,,short,geometry_rejected,TARGET_BELOW_MINIMUM_NET_R,geometry_rejected,,,,,,,,,,0.8020003898174443,0.25232561688162924,0.6755760028533494,1.461103647267152,0.967973673150978,3.96517097886605,0.29239767029762864,-1.5507560531696916,same_candle_ambiguous_stop_first,1,2026-07-22T08:14:59.999000+00:00,1,2026-07-22T08:14:59.999000+00:00,True,True,False,False,False,False,2.677397607118,,AMBIGUOUS_SAME_CANDLE
ETHUSDT_environment_15m_20_20260722T180000Z.json,ETHUSDT,environment,2026-07-22T12:59:59.999000+00:00,momentum_breakout:short:0,stop,momentum_breakout,,,short,geometry_rejected,TARGET_BELOW_MINIMUM_NET_R,geometry_rejected,,,,,,,,,,0.4066217232991891,0.10684208418534058,0.0,2.8424617383869117,0.03262107687919888,5.566460558666508,0.03262107687919888,-1.3006236921478187,stop,3,2026-07-22T13:44:59.999000+00:00,0,,False,False,False,False,False,False,0.0,,INVALID_GEOMETRY
ETHUSDT_environment_15m_20_20260722T180000Z.json,ETHUSDT,environment,2026-07-22T12:59:59.999000+00:00,momentum_breakout:short:1,stop,momentum_breakout,,,short,geometry_rejected,GEOMETRY_REJECTED,geometry_rejected,,,,,,,,,,2.916892050699648,2.081052088804641,0.9524894286074203,5.727177125005816,1.8754463409866888,13.715808924180738,0.9229569123792686,-1.8381901771253941,stop,3,2026-07-22T13:44:59.999000+00:00,0,,False,True,False,False,False,False,0.457696101761,,INVALID_GEOMETRY
ETHUSDT_environment_15m_20_20260722T180000Z.json,ETHUSDT,environment,2026-07-22T12:59:59.999000+00:00,breakout_continuation:short:0,stop,breakout_continuation,,,short,geometry_rejected,GEOMETRY_REJECTED,geometry_rejected,,,,,,,,,,5.077037922857517,2.46448969528605,0.9630520898035556,2.6072907633810707,1.8188101151016667,46.95940365927709,0.8557580252981111,-3.6161945303250675,stop,1,2026-07-22T13:14:59.999000+00:00,0,,False,True,False,False,False,False,0.390771400524,,INVALID_GEOMETRY
ETHUSDT_environment_15m_20_20260722T180000Z.json,ETHUSDT,environment,2026-07-22T12:59:59.999000+00:00,breakout_retest:short:0,stop,breakout_retest,,,short,geometry_rejected,TARGET_TOO_DISTANT,geometry_rejected,,,,,,,,,,11.279525753110633,8.663256032841014,1.5595690101067234,12.709475419284002,8.021297945354782,40.756915829023974,6.4617289352480585,-3.62363751572168,stop,3,2026-07-22T13:44:59.999000+00:00,0,,False,True,True,True,False,False,0.180021114947,,INVALID_GEOMETRY
ETHUSDT_micro_1m_20_20260722T180000Z.json,ETHUSDT,micro,2026-07-22T16:59:59.999000+00:00,range_reversal:short:0,missed_entry,range_reversal,,,short,geometry_rejected,GEOMETRY_REJECTED,geometry_rejected,,,,,,,,,,7.784640730291523,6.112373432273064,0.0,0.0,10.967804975674563,0.0,10.967804975674563,0.0,,,,,,,False,False,False,False,False,0.0,,
ETHUSDT_micro_1m_20_20260722T180000Z.json,ETHUSDT,micro,2026-07-22T17:39:59.999000+00:00,breakout_retest:long:0,stop,breakout_retest,,,long,geometry_rejected,STOP_TOO_TIGHT,geometry_rejected,,,,,,,,,,12.46385680742602,10.575949275003165,2.114611547863842,1.6149227650622093,3.0907459742598298,3.6394946067653375,0.9761344263959879,-2.8798292983383096,stop,14,2026-07-22T17:53:59.999000+00:00,0,,False,True,True,True,True,False,0.199945318654,,INVALID_GEOMETRY
ETHUSDT_standard_5m_24_20260722T180000Z.json,ETHUSDT,standard,2026-07-22T07:59:59.999000+00:00,breakout_retest:short:0,target,breakout_retest,,,short,geometry_rejected,TARGET_BELOW_MINIMUM_NET_R,geometry_rejected,,,,,,,,,,0.8020003898174443,0.25232561688162924,0.6755760028533494,0.27552037473878255,0.8292140272649693,2.2833083744198572,0.1536380244116199,0.25232568104165876,target,0,,1,2026-07-22T08:04:59.999000+00:00,False,True,False,False,False,False,2.677397607118,,
ETHUSDT_standard_5m_24_20260722T180000Z.json,ETHUSDT,standard,2026-07-22T09:59:59.999000+00:00,breakout_retest:short:0,stop,breakout_retest,,,short,geometry_rejected,GEOMETRY_REJECTED,geometry_rejected,,,,,,,,,,3.165061022230095,1.6441410346577219,1.3509180255176065,1.134739060705738,3.0545148077288404,4.542426039158978,1.703596782211234,-2.523419104185721,stop,6,2026-07-22T10:29:59.999000+00:00,0,,False,True,True,False,False,False,0.821655805093,,INVALID_GEOMETRY
ETHUSDT_standard_5m_24_20260722T180000Z.json,ETHUSDT,standard,2026-07-22T11:59:59.999000+00:00,breakout_retest:short:0,stop,breakout_retest,,,short,geometry_rejected,TARGET_BELOW_MINIMUM_NET_R,geometry_rejected,,,,,,,,,,1.0711886489067393,0.4612006246380087,1.3966098069738808,1.0531918092615333,3.8219994915454762,4.027111572815529,2.4253896845715954,-1.6112308174580594,same_candle_ambiguous_stop_first,19,2026-07-22T13:34:59.999000+00:00,19,2026-07-22T13:34:59.999000+00:00,True,True,True,False,False,False,3.028204500092,,AMBIGUOUS_SAME_CANDLE
HEMIUSDT_environment_15m_20_20260722T180000Z.json,HEMIUSDT,environment,2026-07-22T02:59:59.999000+00:00,breakout_retest:long:0,stop,breakout_retest,break_retest,breakout_retest,long,retained_primary,VALID_GEOMETRY,primary,accepted_with_conflict_warning,PULLBACK_PREFERRED,retest,True,countertrend_scalp,strong,56.15741905876665,39.297867,76.482,3.8647839986192825,3.1933421919258342,1.541596772369498,3.9636920546022476,24.476965324588477,28.77116976749875,22.93536855221898,-1.6685230162942881,stop,1,2026-07-22T03:14:59.999000+00:00,0,,False,True,True,True,False,False,0.482753391186,STRATEGY_OUTSIDE_ROUTE_PRIORITY|PREFERRED_DIRECTION_CONFLICT|ENVIRONMENT_ROUTE_WARNING|ACCEPTED_WITH_WARNING|WARNING_THRESHOLD_BAND,MODERATE_PROFIT_AVAILABLE_THEN_STOP
HEMIUSDT_environment_15m_20_20260722T180000Z.json,HEMIUSDT,environment,2026-07-22T07:59:59.999000+00:00,breakout_retest:long:0,missed_entry,breakout_retest,,,long,geometry_rejected,STOP_TOO_TIGHT,geometry_rejected,,,,,,,,,,8.214439939195158,7.843041861129222,0.0,0.0,25.046292342904508,0.0,25.046292342904508,0.0,,,,,,,False,False,False,False,False,0.0,,
HEMIUSDT_environment_15m_20_20260722T180000Z.json,HEMIUSDT,environment,2026-07-22T12:59:59.999000+00:00,breakout_retest:short:0,target,breakout_retest,,,short,geometry_rejected,STOP_TOO_TIGHT,geometry_rejected,,,,,,,,,,4.363680825722479,3.6661068668731356,4.207768461841323,0.8498560721443884,29.89192989600131,0.9452913260611993,25.68416143415999,3.666107215967629,target,0,,2,2026-07-22T13:29:59.999000+00:00,False,True,True,True,True,True,1.147748446687,,
HEMIUSDT_micro_1m_20_20260722T180000Z.json,HEMIUSDT,micro,2026-07-22T17:39:59.999000+00:00,momentum_breakout:short:0,expired,momentum_breakout,break_continuation,momentum_breakout,short,retained_primary,VALID_GEOMETRY,primary,accepted,CONFIRMATION_AT_CMP,market_near,False,with_trend,none,61.57201443480172,51.972402,95.5,2.6783514316113206,2.5207848124395573,0.439150814881232,0.4133384725773168,0.4773299581089637,0.3977749650907724,0.03817914322773175,-0.37144758303969944,expired,0,,0,,False,False,False,False,False,False,0.174211940946,STRATEGY_OUTSIDE_ROUTE_PRIORITY|ENVIRONMENT_ROUTE_WARNING|SCORE_AND_CONFLICT_REQUIREMENTS_MET,
HEMIUSDT_micro_1m_20_20260722T180000Z.json,HEMIUSDT,micro,2026-07-22T17:39:59.999000+00:00,momentum_breakout:short:1,expired,momentum_breakout,break_continuation,momentum_breakout,short,score_or_collision_rejected,VALID_GEOMETRY,rejected,rejected_as_duplicate_thesis,CONFIRMATION_AT_CMP,momentum_continuation,False,with_trend,none,61.57201443480172,51.972402,95.5,4.1437852481588475,3.923205967828234,0.3840226349825791,0.18803877681300998,1.0658896210619018,0.15785201380797345,0.6818669860793227,-0.12127496051026827,expired,0,,0,,False,False,False,False,False,False,0.09788490284,STRATEGY_OUTSIDE_ROUTE_PRIORITY|ENVIRONMENT_ROUTE_WARNING|DUPLICATE_THESIS,
HEMIUSDT_micro_1m_20_20260722T180000Z.json,HEMIUSDT,micro,2026-07-22T17:39:59.999000+00:00,breakout_retest:short:0,missed_entry,breakout_retest,,,short,geometry_rejected,TARGET_TOO_DISTANT,geometry_rejected,,,,,,,,,,13.593153046620763,12.974737218168471,0.0,0.0,4.980697299525195,0.0,4.980697299525195,0.0,,,,,,,False,False,False,False,False,0.0,,
HEMIUSDT_standard_5m_24_20260722T180000Z.json,HEMIUSDT,standard,2026-07-22T07:59:59.999000+00:00,breakout_retest:long:0,missed_entry,breakout_retest,,,long,geometry_rejected,STOP_TOO_TIGHT,geometry_rejected,,,,,,,,,,8.214439939195158,7.843041861129222,0.0,0.0,21.388541728470432,0.0,21.388541728470432,0.0,,,,,,,False,False,False,False,False,0.0,,
HEMIUSDT_standard_5m_24_20260722T180000Z.json,HEMIUSDT,standard,2026-07-22T09:59:59.999000+00:00,breakout_retest:long:0,missed_entry,breakout_retest,,,long,geometry_rejected,STOP_TOO_TIGHT,geometry_rejected,,,,,,,,,,8.762447170717092,8.26990161290448,0.0,0.0,20.44571006500664,0.0,20.44571006500664,0.0,,,,,,,False,False,False,False,False,0.0,,
LABUSDT_environment_15m_20_20260722T180000Z.json,LABUSDT,environment,2026-07-22T02:59:59.999000+00:00,breakout_retest:long:0,target,breakout_retest,break_retest,breakout_retest,long,retained_primary,VALID_GEOMETRY,primary,accepted_with_conflict_warning,PULLBACK_PREFERRED,retest,True,countertrend_scalp,strong,53.999984690964475,40.586802,95.5,3.1781292450333947,2.8426309660253413,30.58600232405388,0.05267018036308496,98.70895537515446,0.0,68.12295305110058,2.842631220275703,target,0,,1,2026-07-22T03:14:59.999000+00:00,False,True,True,True,True,True,10.759751332344,STRATEGY_OUTSIDE_ROUTE_PRIORITY|PREFERRED_DIRECTION_CONFLICT|ENVIRONMENT_ROUTE_WARNING|ACCEPTED_WITH_WARNING|WARNING_THRESHOLD_BAND,
LABUSDT_environment_15m_20_20260722T180000Z.json,LABUSDT,environment,2026-07-22T07:59:59.999000+00:00,breakout_retest:long:0,target,breakout_retest,break_retest,breakout_retest,long,score_or_collision_rejected,VALID_GEOMETRY,rejected,rejected_below_score_threshold,MISSED_ENTRY,retest,True,countertrend_scalp,strong,31.7614998687119,10.662675,51.3633,3.9370348362576757,3.7537264942815183,6.0855712976933205,0.12481929649612836,6.299255738012264,11.318975154240817,0.21368444031894374,3.7537268092443132,target,0,,1,2026-07-22T08:14:59.999000+00:00,False,True,True,True,True,True,1.621207966794,STRATEGY_OUTSIDE_ROUTE_PRIORITY|PREFERRED_DIRECTION_CONFLICT|ENVIRONMENT_ROUTE_WARNING|SCORE_BELOW_WARNING_THRESHOLD,
LABUSDT_environment_15m_20_20260722T180000Z.json,LABUSDT,environment,2026-07-22T12:59:59.999000+00:00,breakout_retest:long:0,stop,breakout_retest,,,long,geometry_rejected,GEOMETRY_REJECTED,geometry_rejected,,,,,,,,,,2.2403765816048575,1.8797574202058125,5.324095266720541,1.2094800984891139,53.97270855684342,1.2220235899662448,48.64861329012288,-1.3586750154501313,same_candle_ambiguous_stop_first,1,2026-07-22T13:14:59.999000+00:00,1,2026-07-22T13:14:59.999000+00:00,True,True,True,True,True,True,2.832331028191,,AMBIGUOUS_SAME_CANDLE
LABUSDT_micro_1m_20_20260722T180000Z.json,LABUSDT,micro,2026-07-22T17:39:59.999000+00:00,breakout_retest:long:0,target,breakout_retest,break_retest,breakout_retest,long,score_or_collision_rejected,VALID_GEOMETRY,rejected,rejected_below_score_threshold,PULLBACK_PREFERRED,retest,True,countertrend_scalp,strong,42.10618701964012,27.196799,76.2924,2.706067808085001,2.4947996821721894,2.5809468483112026,0.033761109146691747,2.922553232731807,0.6494562739403882,0.3416063844206043,2.4947998986576074,target,0,,9,2026-07-22T17:48:59.999000+00:00,False,True,True,True,True,False,1.03453069469,STRATEGY_OUTSIDE_ROUTE_PRIORITY|PREFERRED_DIRECTION_CONFLICT|ENVIRONMENT_ROUTE_WARNING|SCORE_BELOW_WARNING_THRESHOLD,
LABUSDT_standard_5m_24_20260722T180000Z.json,LABUSDT,standard,2026-07-22T07:59:59.999000+00:00,breakout_retest:long:0,target,breakout_retest,break_retest,breakout_retest,long,score_or_collision_rejected,VALID_GEOMETRY,rejected,rejected_below_score_threshold,MISSED_ENTRY,retest,True,countertrend_scalp,strong,31.7614998687119,10.662675,51.3633,3.9370348362576757,3.7537264942815183,5.321215532254621,0.12481929649612836,6.299255738012264,11.318975154240817,0.9780402057576429,3.7537268092443132,target,0,,4,2026-07-22T08:19:59.999000+00:00,False,True,True,True,True,True,1.417582112165,STRATEGY_OUTSIDE_ROUTE_PRIORITY|PREFERRED_DIRECTION_CONFLICT|ENVIRONMENT_ROUTE_WARNING|SCORE_BELOW_WARNING_THRESHOLD,
LABUSDT_standard_5m_24_20260722T180000Z.json,LABUSDT,standard,2026-07-22T11:59:59.999000+00:00,breakout_retest:long:0,target,breakout_retest,,,long,geometry_rejected,GEOMETRY_REJECTED,geometry_rejected,,,,,,,,,,2.009879031822171,1.6418299835148953,2.7834937706206,0.8152474780213284,4.823709676373177,11.858286287750833,2.040215905752577,1.6418301443051935,target,0,,1,2026-07-22T12:04:59.999000+00:00,False,True,True,True,True,False,1.695360541937,,
LABUSDT_standard_5m_24_20260722T180000Z.json,LABUSDT,standard,2026-07-22T13:59:59.999000+00:00,compression_expansion:long:0,missed_entry,compression_expansion,compression_expansion,,long,retained_primary,VALID_GEOMETRY,primary,accepted_with_conflict_warning,PULLBACK_PREFERRED,retest,True,countertrend_scalp,strong,57.7212662821771,38.627422,97.75,6.965115525681743,6.654335468543153,0.0,0.0,21.404989176485397,0.0,21.404989176485397,0.0,,,,,,,False,False,False,False,False,0.0,STRATEGY_OUTSIDE_ROUTE_PRIORITY|PREFERRED_DIRECTION_CONFLICT|ENVIRONMENT_ROUTE_WARNING|ACCEPTED_WITH_WARNING|WARNING_THRESHOLD_BAND,
LABUSDT_standard_5m_24_20260722T180000Z.json,LABUSDT,standard,2026-07-22T13:59:59.999000+00:00,breakout_retest:long:0,target,breakout_retest,break_retest,breakout_retest,long,score_or_collision_rejected,VALID_GEOMETRY,rejected,rejected_below_score_threshold,PULLBACK_PREFERRED,pullback,True,countertrend_scalp,strong,33.7652432472017,14.528267,54.9253,2.34176346873244,2.032898112274529,6.542065892100125,0.24513154202235068,20.688897048577072,0.20644952846820497,14.146831156476946,2.0328982996156344,target,0,,1,2026-07-22T14:04:59.999000+00:00,False,True,True,True,True,True,3.218098267001,STRATEGY_OUTSIDE_ROUTE_PRIORITY|PREFERRED_DIRECTION_CONFLICT|ENVIRONMENT_ROUTE_WARNING|SCORE_BELOW_WARNING_THRESHOLD,
LABUSDT_standard_5m_24_20260722T180000Z.json,LABUSDT,standard,2026-07-22T15:59:59.999000+00:00,compression_expansion:long:0,target,compression_expansion,compression_expansion,,long,retained_primary,VALID_GEOMETRY,primary,accepted_with_conflict_warning,PULLBACK_PREFERRED,retest,True,countertrend_scalp,strong,56.91529066738342,40.763988,66.4086,3.5572574476391066,3.2680524171460488,7.168356155632145,0.8943683214705948,17.93450629851373,13.636153549283145,10.766150142881584,3.268052701726661,target,0,,5,2026-07-22T16:24:59.999000+00:00,False,True,True,True,True,True,2.193464253518,STRATEGY_OUTSIDE_ROUTE_PRIORITY|PREFERRED_DIRECTION_CONFLICT|ENVIRONMENT_ROUTE_WARNING|ACCEPTED_WITH_WARNING|WARNING_THRESHOLD_BAND,
PYTHUSDT_environment_15m_20_20260722T180000Z.json,PYTHUSDT,environment,2026-07-22T02:59:59.999000+00:00,breakout_continuation:long:0,stop,breakout_continuation,,,long,geometry_rejected,GEOMETRY_REJECTED,geometry_rejected,,,,,,,,,,9.267506476851088,7.320973020132531,0.5264698326556478,11.807848777004796,1.0202759424056935,40.4709457154227,0.4938061097500457,-2.9403730328326256,stop,1,2026-07-22T03:14:59.999000+00:00,0,,False,True,False,False,False,False,0.071912549221,,INVALID_GEOMETRY
PYTHUSDT_environment_15m_20_20260722T180000Z.json,PYTHUSDT,environment,2026-07-22T02:59:59.999000+00:00,breakout_retest:long:0,stop,breakout_retest,,,long,geometry_rejected,TARGET_BELOW_MINIMUM_NET_R,geometry_rejected,,,,,,,,,,1.041817364768864,0.7421317990166187,0.7947032871229499,1.6080922445607606,0.8841574234778471,5.527346855689689,0.08945413635489718,-1.2984605553333979,stop,1,2026-07-22T03:14:59.999000+00:00,0,,False,True,False,False,False,False,1.070838479332,,INVALID_GEOMETRY
PYTHUSDT_environment_15m_20_20260722T180000Z.json,PYTHUSDT,environment,2026-07-22T07:59:59.999000+00:00,breakout_retest:short:0,stop,breakout_retest,,,short,geometry_rejected,TARGET_BELOW_MINIMUM_NET_R,geometry_rejected,,,,,,,,,,0.6482964668413386,0.17501123287086856,0.004720097501072716,1.0857314704156193,0.42019215443414476,14.03441795810202,0.41547205693307204,-1.4742742918506038,stop,1,2026-07-22T08:14:59.999000+00:00,0,,False,False,False,False,False,False,0.026970254558,,INVALID_GEOMETRY
PYTHUSDT_environment_15m_20_20260722T180000Z.json,PYTHUSDT,environment,2026-07-22T12:59:59.999000+00:00,breakout_retest:long:0,target,breakout_retest,,,long,geometry_rejected,STOP_TOO_TIGHT,geometry_rejected,,,,,,,,,,4.669148326785645,3.3939372166215,3.8606904975349963,0.17496396482739296,11.117019825680233,4.891488723299475,7.256329328145236,3.393937590153245,target,0,,7,2026-07-22T14:44:59.999000+00:00,False,True,True,True,True,True,1.137525608496,,
PYTHUSDT_micro_1m_20_20260722T180000Z.json,PYTHUSDT,micro,2026-07-22T16:59:59.999000+00:00,breakout_retest:long:0,missed_entry,breakout_retest,,,long,geometry_rejected,GEOMETRY_REJECTED,geometry_rejected,,,,,,,,,,5.876040713710569,4.165634815250845,0.0,0.0,6.9715737281313235,0.0,6.9715737281313235,0.0,,,,,,,False,False,False,False,False,0.0,,
PYTHUSDT_micro_1m_20_20260722T180000Z.json,PYTHUSDT,micro,2026-07-22T17:39:59.999000+00:00,breakout_retest:long:0,missed_entry,breakout_retest,,,long,geometry_rejected,STOP_TOO_TIGHT,geometry_rejected,,,,,,,,,,6.947078845853491,4.9135085504680465,0.0,0.0,4.987646350869198,0.0,4.987646350869198,0.0,,,,,,,False,False,False,False,False,0.0,,
PYTHUSDT_standard_5m_24_20260722T180000Z.json,PYTHUSDT,standard,2026-07-22T07:59:59.999000+00:00,breakout_retest:short:0,stop,breakout_retest,,,short,geometry_rejected,TARGET_BELOW_MINIMUM_NET_R,geometry_rejected,,,,,,,,,,0.6482964668413386,0.17501123287086856,0.0,1.0857314704156193,0.42019215443414476,6.723074470947075,0.42019215443414476,-1.4742742918506038,stop,1,2026-07-22T08:04:59.999000+00:00,0,,False,False,False,False,False,False,0.0,,INVALID_GEOMETRY
PYTHUSDT_standard_5m_24_20260722T180000Z.json,PYTHUSDT,standard,2026-07-22T09:59:59.999000+00:00,breakout_retest:short:0,target,breakout_retest,,,short,geometry_rejected,GEOMETRY_REJECTED,geometry_rejected,,,,,,,,,,1.8700983288983861,1.4492373289360685,1.8026007636225723,0.41169246933823034,1.9997091041685455,8.591342817909336,0.19710834054597326,1.4492374785439772,target,0,,4,2026-07-22T10:19:59.999000+00:00,False,True,True,True,False,False,1.243827168698,,
PYTHUSDT_standard_5m_24_20260722T180000Z.json,PYTHUSDT,standard,2026-07-22T11:59:59.999000+00:00,breakout_retest:long:0,stop,breakout_retest,,,long,geometry_rejected,GEOMETRY_REJECTED,geometry_rejected,,,,,,,,,,7.777526948710556,6.531048629730542,4.303418996802135,1.7824409936842527,7.993569363952583,5.617102796290891,3.690150367150448,-2.2412118828108962,stop,4,2026-07-22T12:19:59.999000+00:00,0,,False,True,True,True,True,True,0.658917004111,,INVALID_GEOMETRY
PYTHUSDT_standard_5m_24_20260722T180000Z.json,PYTHUSDT,standard,2026-07-22T13:59:59.999000+00:00,breakout_retest:long:0,target,breakout_retest,,,long,geometry_rejected,GEOMETRY_REJECTED,geometry_rejected,,,,,,,,,,1.7291977913914423,1.2397223888996312,2.099952972685228,0.2572462779847489,2.4372783894354777,3.4256289623692586,0.33732541675024974,1.239722527235474,target,0,,1,2026-07-22T14:04:59.999000+00:00,False,True,True,True,True,False,1.693889689731,,
PYTHUSDT_standard_5m_24_20260722T180000Z.json,PYTHUSDT,standard,2026-07-22T15:59:59.999000+00:00,breakout_continuation:short:0,stop,breakout_continuation,,,short,geometry_rejected,GEOMETRY_REJECTED,geometry_rejected,,,,,,,,,,4.556285550400513,2.8207052585419987,1.423990469752294,2.108783346245359,6.682552140587377,8.505066360747245,5.258561670835083,-2.738914143188893,stop,4,2026-07-22T16:19:59.999000+00:00,0,,False,True,True,False,False,False,0.504834904476,,INVALID_GEOMETRY
REUSDT_environment_15m_20_20260722T180000Z.json,REUSDT,environment,2026-07-22T02:59:59.999000+00:00,breakout_retest:long:0,stop,breakout_retest,break_retest,breakout_retest,long,retained_primary,VALID_GEOMETRY,primary,accepted_with_conflict_warning,PULLBACK_PREFERRED,retest,True,countertrend_scalp,strong,55.326472735528306,39.349368,95.5,5.2288137348475745,4.845291614382886,9.275713825382464,1.4135972544400455,35.38921759672191,1.4398182748131063,26.11350377133945,-1.3797849122237835,same_candle_ambiguous_stop_first,6,2026-07-22T04:29:59.999000+00:00,6,2026-07-22T04:29:59.999000+00:00,True,True,True,True,True,True,1.91437679372,STRATEGY_OUTSIDE_ROUTE_PRIORITY|PREFERRED_DIRECTION_CONFLICT|ENVIRONMENT_ROUTE_WARNING|ACCEPTED_WITH_WARNING|WARNING_THRESHOLD_BAND,AMBIGUOUS_SAME_CANDLE
REUSDT_environment_15m_20_20260722T180000Z.json,REUSDT,environment,2026-07-22T07:59:59.999000+00:00,breakout_retest:long:0,stop,breakout_retest,break_retest,breakout_retest,long,retained_primary,VALID_GEOMETRY,primary,accepted,PULLBACK_PREFERRED,retest,True,countertrend_scalp,strong,66.00303618709806,46.996903,54.75,9.767499050366675,9.456388281548103,3.4050395085064404,5.148894421751835,17.252402187774486,7.146626148981008,13.847362679268045,-1.3046503493883455,stop,1,2026-07-22T08:14:59.999000+00:00,0,,False,True,True,True,True,True,0.360078225124,STRATEGY_OUTSIDE_ROUTE_PRIORITY|PREFERRED_DIRECTION_CONFLICT|ENVIRONMENT_ROUTE_WARNING|SCORE_AND_CONFLICT_REQUIREMENTS_MET,GENUINE_PROFIT_AVAILABLE_THEN_STOP
REUSDT_environment_15m_20_20260722T180000Z.json,REUSDT,environment,2026-07-22T12:59:59.999000+00:00,compression_expansion:short:0,stop,compression_expansion,compression_expansion,,short,retained_primary,VALID_GEOMETRY,primary,accepted,MISSED_ENTRY,retest,False,with_trend,none,64.51215703711809,52.373824,97.75,9.476329047092584,9.19144884698507,5.683201531741731,2.6145390225599403,6.006853385042299,15.74209852631774,0.3236518533005679,-1.2911660775357763,stop,1,2026-07-22T13:14:59.999000+00:00,0,,False,True,True,True,True,True,0.618314003195,STRATEGY_OUTSIDE_ROUTE_PRIORITY|ENVIRONMENT_ROUTE_WARNING|SCORE_AND_CONFLICT_REQUIREMENTS_MET,GENUINE_PROFIT_AVAILABLE_THEN_STOP
REUSDT_micro_1m_20_20260722T180000Z.json,REUSDT,micro,2026-07-22T16:59:59.999000+00:00,breakout_retest:long:0,stop,breakout_retest,,,long,geometry_rejected,GEOMETRY_REJECTED,geometry_rejected,,,,,,,,,,1.929784688586079,1.5180505201106715,0.5934477050646318,1.2985187578404753,0.7024863482752581,8.827124294137972,0.10903864321062628,-1.4099763776622294,stop,2,2026-07-22T17:01:59.999000+00:00,0,,False,True,False,False,False,False,0.390927506827,,INVALID_GEOMETRY
REUSDT_micro_1m_20_20260722T180000Z.json,REUSDT,micro,2026-07-22T17:39:59.999000+00:00,breakout_retest:long:0,missed_entry,breakout_retest,,,long,geometry_rejected,STOP_TOO_TIGHT,geometry_rejected,,,,,,,,,,1.7434981132116651,1.3025198904318889,0.0,0.0,15.612233104668231,0.0,15.612233104668231,0.0,,,,,,,False,False,False,False,False,0.0,,
REUSDT_standard_5m_24_20260722T180000Z.json,REUSDT,standard,2026-07-22T07:59:59.999000+00:00,breakout_retest:long:0,stop,breakout_retest,break_retest,breakout_retest,long,retained_primary,VALID_GEOMETRY,primary,accepted,PULLBACK_PREFERRED,retest,True,countertrend_scalp,strong,66.00303618709806,46.996903,54.75,9.767499050366675,9.456388281548103,2.9799993132140914,2.704913298820903,13.064925928605916,7.146626148981008,10.084926615391826,-1.3046503493883455,stop,1,2026-07-22T08:04:59.999000+00:00,0,,False,True,True,True,True,False,0.31513081152,STRATEGY_OUTSIDE_ROUTE_PRIORITY|PREFERRED_DIRECTION_CONFLICT|ENVIRONMENT_ROUTE_WARNING|SCORE_AND_CONFLICT_REQUIREMENTS_MET,GENUINE_PROFIT_AVAILABLE_THEN_STOP
REUSDT_standard_5m_24_20260722T180000Z.json,REUSDT,standard,2026-07-22T09:59:59.999000+00:00,breakout_continuation:short:0,stop,breakout_continuation,break_continuation,breakout_continuation,short,retained_primary,VALID_GEOMETRY,primary,accepted,PULLBACK_PREFERRED,retest,False,with_trend,none,69.55678477376595,59.795702,72.75,6.878529597583795,6.628797975332974,2.8875801037720428,1.4828265238842735,3.052062801576919,10.067251927589567,0.16448269780487612,-1.2544588200093787,stop,2,2026-07-22T10:09:59.999000+00:00,0,,False,True,True,True,True,False,0.435611420731,STRATEGY_OUTSIDE_ROUTE_PRIORITY|ENVIRONMENT_ROUTE_WARNING|SCORE_AND_CONFLICT_REQUIREMENTS_MET,GENUINE_PROFIT_AVAILABLE_THEN_STOP
REUSDT_standard_5m_24_20260722T180000Z.json,REUSDT,standard,2026-07-22T13:59:59.999000+00:00,breakout_retest:long:0,stop,breakout_retest,break_retest,breakout_retest,long,retained_primary,VALID_GEOMETRY,primary,accepted,PULLBACK_PREFERRED,retest,True,countertrend_scalp,strong,67.31624629733682,48.669878,70.5,7.501058733902938,7.221848438802748,4.72285998422731,4.765024323677926,4.984880804176013,6.978833125846408,0.2620208199487033,-1.274109739859828,stop,12,2026-07-22T14:59:59.999000+00:00,0,,False,True,True,True,True,True,0.65396830524,STRATEGY_OUTSIDE_ROUTE_PRIORITY|PREFERRED_DIRECTION_CONFLICT|ENVIRONMENT_ROUTE_WARNING|SCORE_AND_CONFLICT_REQUIREMENTS_MET,GENUINE_PROFIT_AVAILABLE_THEN_STOP
REUSDT_standard_5m_24_20260722T180000Z.json,REUSDT,standard,2026-07-22T15:59:59.999000+00:00,breakout_continuation:short:0,stop,breakout_continuation,break_continuation,breakout_continuation,short,retained_primary,VALID_GEOMETRY,primary,accepted,PULLBACK_PREFERRED,retest,False,with_trend,none,68.33970085281412,57.294769,97.75,2.7783476791477026,2.4355644712530897,2.4197841658915165,2.81605054882801,6.509851131433665,6.388171671033049,4.090066965542149,-1.345050296502109,stop,2,2026-07-22T16:09:59.999000+00:00,0,,False,True,True,True,True,False,0.993520883743,STRATEGY_OUTSIDE_ROUTE_PRIORITY|ENVIRONMENT_ROUTE_WARNING|SCORE_AND_CONFLICT_REQUIREMENTS_MET,NEAR_TARGET_REVERSAL
SOLUSDT_environment_15m_20_20260722T180000Z.json,SOLUSDT,environment,2026-07-22T02:59:59.999000+00:00,breakout_retest:short:0,missed_entry,breakout_retest,,,short,geometry_rejected,GEOMETRY_REJECTED,geometry_rejected,,,,,,,,,,2.4136008538382407,1.2921734368093052,0.0,0.0,15.70832959581462,0.0,15.70832959581462,0.0,,,,,,,False,False,False,False,False,0.0,,
SOLUSDT_environment_15m_20_20260722T180000Z.json,SOLUSDT,environment,2026-07-22T07:59:59.999000+00:00,breakout_retest:short:0,stop,breakout_retest,,,short,geometry_rejected,STOP_TOO_TIGHT,geometry_rejected,,,,,,,,,,7.803032828795065,4.8877851752832395,4.63881029226338,1.0830105950000914,8.328117589831317,16.8759509399101,3.689307297567937,-3.9205295532093363,stop,1,2026-07-22T08:14:59.999000+00:00,0,,False,True,True,True,True,True,0.949061819599,,INVALID_GEOMETRY
SOLUSDT_environment_15m_20_20260722T180000Z.json,SOLUSDT,environment,2026-07-22T12:59:59.999000+00:00,breakout_continuation:short:0,stop,breakout_continuation,,,short,geometry_rejected,STOP_TOO_TIGHT,geometry_rejected,,,,,,,,,,4.811385571819634,2.336729592713634,2.5454763875739057,1.6165190139535206,4.009487976516299,43.03517094794404,1.4640115889423932,-3.4781428904491114,stop,1,2026-07-22T13:14:59.999000+00:00,0,,False,True,True,True,True,False,1.08933288452,,INVALID_GEOMETRY
SOLUSDT_environment_15m_20_20260722T180000Z.json,SOLUSDT,environment,2026-07-22T12:59:59.999000+00:00,breakout_retest:short:0,stop,breakout_retest,,,short,geometry_rejected,TARGET_TOO_DISTANT,geometry_rejected,,,,,,,,,,7.778610667391185,5.618615516097435,2.8376563706242544,7.616417449723292,6.087855547832032,34.956682526980124,3.250199177207778,-3.165262397694448,stop,3,2026-07-22T13:44:59.999000+00:00,0,,False,True,True,True,True,False,0.505045480064,,INVALID_GEOMETRY
SOLUSDT_micro_1m_20_20260722T180000Z.json,SOLUSDT,micro,2026-07-22T16:59:59.999000+00:00,breakout_retest:short:0,missed_entry,breakout_retest,,,short,geometry_rejected,STOP_TOO_TIGHT,geometry_rejected,,,,,,,,,,5.840973998755312,4.06245394168916,0.0,0.0,8.384623965955017,0.0,8.384623965955017,0.0,,,,,,,False,False,False,False,False,0.0,,
SOLUSDT_micro_1m_20_20260722T180000Z.json,SOLUSDT,micro,2026-07-22T17:19:59.999000+00:00,breakout_retest:short:0,missed_entry,breakout_retest,,,short,geometry_rejected,GEOMETRY_REJECTED,geometry_rejected,,,,,,,,,,3.3800516336190727,2.3728933921061426,0.0,0.0,3.915949591889867,0.0,3.915949591889867,0.0,,,,,,,False,False,False,False,False,0.0,,
SOLUSDT_micro_1m_20_20260722T180000Z.json,SOLUSDT,micro,2026-07-22T17:39:59.999000+00:00,breakout_retest:short:0,target,breakout_retest,,,short,geometry_rejected,TARGET_BELOW_MINIMUM_NET_R,geometry_rejected,,,,,,,,,,1.5692989931293118,0.9796819754308003,1.3962196048281446,0.6039312698028269,1.6320709528544235,0.5649476375264523,0.23585134802627894,0.9796821009746892,target,0,,18,2026-07-22T17:57:59.999000+00:00,False,True,True,False,False,False,1.425176373398,,
SOLUSDT_standard_5m_24_20260722T180000Z.json,SOLUSDT,standard,2026-07-22T07:59:59.999000+00:00,breakout_retest:short:0,stop,breakout_retest,,,short,geometry_rejected,STOP_TOO_TIGHT,geometry_rejected,,,,,,,,,,7.803032828795065,4.8877851752832395,1.6719402025711538,1.0830105950000914,7.382965019965974,9.62978123760974,5.71102481739482,-3.9205295532093363,stop,3,2026-07-22T08:14:59.999000+00:00,0,,False,True,True,True,False,False,0.342064993164,,INVALID_GEOMETRY
SOLUSDT_standard_5m_24_20260722T180000Z.json,SOLUSDT,standard,2026-07-22T09:59:59.999000+00:00,breakout_continuation:long:0,target,breakout_continuation,,,long,geometry_rejected,COST_INVALID_GEOMETRY,geometry_rejected,,,,,,,,,,1.8216942831748113,-1.5668756868445108,1.5020849835320986,0.3608506279426371,10.565826842414216,2.914710853079802,9.063741858882118,-1.5668755411090003,target,0,,1,2026-07-22T10:04:59.999000+00:00,False,True,True,True,False,False,0.824553821904,,
SOLUSDT_standard_5m_24_20260722T180000Z.json,SOLUSDT,standard,2026-07-22T11:59:59.999000+00:00,breakout_retest:short:0,stop,breakout_retest,,,short,geometry_rejected,GEOMETRY_REJECTED,geometry_rejected,,,,,,,,,,3.676219310505956,1.956988558833985,1.892724798691673,3.126725071419709,13.980756392445578,3.7368954260536196,12.088031593753904,-2.722036563258503,stop,22,2026-07-22T13:49:59.999000+00:00,0,,False,True,True,True,False,False,0.96716191321,,INVALID_GEOMETRY
SOLUSDT_standard_5m_24_20260722T180000Z.json,SOLUSDT,standard,2026-07-22T13:59:59.999000+00:00,momentum_breakout:long:0,target,momentum_breakout,,,long,geometry_rejected,TARGET_BELOW_MINIMUM_NET_R,geometry_rejected,,,,,,,,,,0.5118578100211401,0.24142858054158683,1.5065895921259087,0.23678964171658443,2.9207705543580156,1.3880889763285857,1.4141809622321069,0.24142862149019664,target,0,,2,2026-07-22T14:09:59.999000+00:00,False,True,True,True,False,False,6.2403116845,,
SOLUSDT_standard_5m_24_20260722T180000Z.json,SOLUSDT,standard,2026-07-22T13:59:59.999000+00:00,momentum_breakout:long:1,stop,momentum_breakout,,,long,geometry_rejected,GEOMETRY_REJECTED,geometry_rejected,,,,,,,,,,5.189623231235266,4.084328559433027,2.558719606872381,1.0420170101370276,15.05183526303853,2.5888561263814482,12.493115656166148,-2.1015809778635037,stop,5,2026-07-22T14:24:59.999000+00:00,0,,False,True,True,True,True,False,0.626472520425,,INVALID_GEOMETRY
SOLUSDT_standard_5m_24_20260722T180000Z.json,SOLUSDT,standard,2026-07-22T13:59:59.999000+00:00,momentum_breakout:long:2,stop,momentum_breakout,,,long,geometry_rejected,GEOMETRY_REJECTED,geometry_rejected,,,,,,,,,,2.081852635772268,1.5312181572862698,0.9214655850509976,1.0226863163956859,6.992310511686009,1.7911015352665272,6.0708449266350115,-1.5487854469045057,stop,5,2026-07-22T14:24:59.999000+00:00,0,,False,True,False,False,False,False,0.601785957583,,INVALID_GEOMETRY
SOLUSDT_standard_5m_24_20260722T180000Z.json,SOLUSDT,standard,2026-07-22T15:59:59.999000+00:00,breakout_retest:short:0,missed_entry,breakout_retest,,,short,geometry_rejected,STOP_TOO_TIGHT,geometry_rejected,,,,,,,,,,8.86912291646875,7.1261185353096925,0.0,0.0,14.597098133354983,0.0,14.597098133354983,0.0,,,,,,,False,False,False,False,False,0.0,,
SUIUSDT_environment_15m_20_20260722T180000Z.json,SUIUSDT,environment,2026-07-22T02:59:59.999000+00:00,breakout_retest:short:0,missed_entry,breakout_retest,,,short,geometry_rejected,TARGET_BELOW_MINIMUM_NET_R,geometry_rejected,,,,,,,,,,1.1412234800565861,0.5998575482076957,0.0,0.0,10.38652514562861,0.0,10.38652514562861,0.0,,,,,,,False,False,False,False,False,0.0,,
SUIUSDT_environment_15m_20_20260722T180000Z.json,SUIUSDT,environment,2026-07-22T12:59:59.999000+00:00,breakout_continuation:long:0,missed_entry,breakout_continuation,,,long,geometry_rejected,COST_INVALID_GEOMETRY,geometry_rejected,,,,,,,,,,2.031919851471591,-0.3578931862260655,0.0,0.0,52.96100774158414,0.0,52.96100774158414,0.0,,,,,,,False,False,False,False,False,0.0,,
SUIUSDT_micro_1m_20_20260722T180000Z.json,SUIUSDT,micro,2026-07-22T16:59:59.999000+00:00,breakout_retest:short:0,missed_entry,breakout_retest,,,short,geometry_rejected,STOP_TOO_TIGHT,geometry_rejected,,,,,,,,,,9.558349933839365,7.9484704511271325,0.0,0.0,10.88269962346777,0.0,10.88269962346777,0.0,,,,,,,False,False,False,False,False,0.0,,
SUIUSDT_micro_1m_20_20260722T180000Z.json,SUIUSDT,micro,2026-07-22T17:19:59.999000+00:00,momentum_breakout:short:0,target,momentum_breakout,,,short,geometry_rejected,TARGET_BELOW_MINIMUM_NET_R,geometry_rejected,,,,,,,,,,0.509890465340545,0.3696726067400778,0.4802700260320942,0.02288465896713948,0.5603746698297013,0.0,0.08010464379760712,0.36967264753131673,target,0,,7,2026-07-22T17:26:59.999000+00:00,False,False,False,False,False,False,1.299176669506,,
SUIUSDT_micro_1m_20_20260722T180000Z.json,SUIUSDT,micro,2026-07-22T17:19:59.999000+00:00,momentum_breakout:short:1,missed_entry,momentum_breakout,,,short,geometry_rejected,TARGET_BELOW_MINIMUM_NET_R,geometry_rejected,,,,,,,,,,0.8619619782507463,0.6889086539921399,0.0,0.0,0.924217930863735,0.0,0.924217930863735,0.0,,,,,,,False,False,False,False,False,0.0,,
SUIUSDT_micro_1m_20_20260722T180000Z.json,SUIUSDT,micro,2026-07-22T17:19:59.999000+00:00,breakout_retest:short:0,missed_entry,breakout_retest,,,short,geometry_rejected,STOP_TOO_TIGHT,geometry_rejected,,,,,,,,,,19.003856155121476,17.157356735215743,0.0,0.0,19.66601142185037,0.0,19.66601142185037,0.0,,,,,,,False,False,False,False,False,0.0,,
SUIUSDT_micro_1m_20_20260722T180000Z.json,SUIUSDT,micro,2026-07-22T17:39:59.999000+00:00,breakout_retest:short:0,missed_entry,breakout_retest,,,short,geometry_rejected,TARGET_TOO_DISTANT,geometry_rejected,,,,,,,,,,18.763923708016296,16.947106794987608,0.0,0.0,19.35029632389196,0.0,19.35029632389196,0.0,,,,,,,False,False,False,False,False,0.0,,
SUIUSDT_standard_5m_24_20260722T180000Z.json,SUIUSDT,standard,2026-07-22T09:59:59.999000+00:00,breakout_retest:short:0,stop,breakout_retest,,,short,geometry_rejected,GEOMETRY_REJECTED,geometry_rejected,,,,,,,,,,7.361048137134754,4.705342308918928,3.1264681168733452,1.115083801465015,4.955953201239019,4.664426542342949,1.829485084365674,-3.660722537098199,stop,4,2026-07-22T10:19:59.999000+00:00,0,,False,True,True,True,True,True,0.664450726772,,INVALID_GEOMETRY
SUIUSDT_standard_5m_24_20260722T180000Z.json,SUIUSDT,standard,2026-07-22T11:59:59.999000+00:00,breakout_continuation:short:0,stop,breakout_continuation,,,short,geometry_rejected,STOP_TOO_TIGHT,geometry_rejected,,,,,,,,,,6.306080813606851,2.925057038094876,1.0622749741398347,5.103814802525424,17.063512789760246,33.385133719096615,16.00123781562041,-4.385407504000223,stop,13,2026-07-22T13:04:59.999000+00:00,0,,False,True,True,False,False,False,0.363163849561,,INVALID_GEOMETRY
SUIUSDT_standard_5m_24_20260722T180000Z.json,SUIUSDT,standard,2026-07-22T11:59:59.999000+00:00,breakout_retest:short:0,stop,breakout_retest,,,short,geometry_rejected,STOP_TOO_TIGHT,geometry_rejected,,,,,,,,,,13.632262935297714,10.248512707198678,4.852350391420313,1.3090634675819093,22.998647673155364,27.4499988357015,18.146297281735052,-4.392529665860282,stop,13,2026-07-22T13:04:59.999000+00:00,0,,False,True,True,True,True,True,0.473468739324,,INVALID_GEOMETRY
SUIUSDT_standard_5m_24_20260722T180000Z.json,SUIUSDT,standard,2026-07-22T13:59:59.999000+00:00,momentum_breakout:long:0,target,momentum_breakout,,,long,geometry_rejected,GEOMETRY_REJECTED,geometry_rejected,,,,,,,,,,2.352359915040964,1.7139017592763297,3.2189674126118906,0.2836221933421413,5.11984216803028,2.1447987460667117,1.9008747554183891,1.7139019474650712,target,0,,2,2026-07-22T14:09:59.999000+00:00,False,True,True,True,True,True,1.878151647368,,
SUIUSDT_standard_5m_24_20260722T180000Z.json,SUIUSDT,standard,2026-07-22T13:59:59.999000+00:00,breakout_continuation:long:0,target,breakout_continuation,,,long,geometry_rejected,STOP_TOO_TIGHT,geometry_rejected,,,,,,,,,,5.562560995660282,3.5905903337679277,3.9412948688743614,0.5692279840376159,16.901627640660543,5.562560995660519,12.960332771786181,3.590590778772717,target,0,,4,2026-07-22T14:19:59.999000+00:00,False,True,True,True,True,True,1.097673224319,,
SUIUSDT_standard_5m_24_20260722T180000Z.json,SUIUSDT,standard,2026-07-22T15:59:59.999000+00:00,breakout_retest:short:0,stop,breakout_retest,,,short,geometry_rejected,STOP_TOO_TIGHT,geometry_rejected,,,,,,,,,,1.795471658032738,0.048628932380203826,1.384356456609473,1.835553682883392,2.2679641996204554,16.442740447246937,0.8836077430109823,-2.7485200886474743,same_candle_ambiguous_stop_first,1,2026-07-22T16:04:59.999000+00:00,1,2026-07-22T16:04:59.999000+00:00,True,True,True,False,False,False,28.46775343094,,AMBIGUOUS_SAME_CANDLE
TACUSDT_environment_15m_20_20260722T180000Z.json,TACUSDT,environment,2026-07-22T02:59:59.999000+00:00,momentum_breakout:long:0,target,momentum_breakout,,,long,geometry_rejected,TARGET_BELOW_MINIMUM_NET_R,geometry_rejected,,,,,,,,,,0.9849549465197768,0.9318750643121936,1.5404072752788944,0.07268383715667573,1.6659455988381089,0.8265156459351822,0.12553832355921446,0.9318751431085935,target,0,,2,2026-07-22T03:29:59.999000+00:00,False,True,True,True,False,False,1.653019094803,,
TACUSDT_environment_15m_20_20260722T180000Z.json,TACUSDT,environment,2026-07-22T02:59:59.999000+00:00,momentum_breakout:long:1,target,momentum_breakout,,,long,geometry_rejected,TARGET_TOO_DISTANT,geometry_rejected,,,,,,,,,,6.212071991884432,6.020793261734759,6.936752298749409,0.3887735527889943,8.686361707593715,0.3696674812822667,1.7496094088443064,6.020793758700527,target,0,,19,2026-07-22T07:44:59.999000+00:00,False,True,True,True,True,True,1.152132617281,,
TACUSDT_environment_15m_20_20260722T180000Z.json,TACUSDT,environment,2026-07-22T12:59:59.999000+00:00,momentum_breakout:long:0,stop,momentum_breakout,break_continuation,momentum_breakout,long,retained_primary,VALID_GEOMETRY,primary,accepted,CONFIRMATION_AT_CMP,market_near,True,mixed,moderate,60.31954185147654,50.309547,70.5,6.594629598489952,6.364542971798637,1.658378119181432,2.313569397874988,7.5288687916093675,6.045077131949145,5.870490672427936,-1.2255299289322181,stop,1,2026-07-22T13:14:59.999000+00:00,0,,False,True,True,True,False,False,0.260565153936,STRATEGY_OUTSIDE_ROUTE_PRIORITY|ENVIRONMENT_ROUTE_WARNING|SCORE_AND_CONFLICT_REQUIREMENTS_MET,MODERATE_PROFIT_AVAILABLE_THEN_STOP
TACUSDT_environment_15m_20_20260722T180000Z.json,TACUSDT,environment,2026-07-22T12:59:59.999000+00:00,breakout_retest:long:0,stop,breakout_retest,,,long,geometry_rejected,TARGET_TOO_DISTANT,geometry_rejected,,,,,,,,,,12.688149512406422,12.280098624087431,3.780218139865874,3.0818931019700146,14.347369064028811,9.760115009543435,10.567150924162938,-1.399838078611518,stop,1,2026-07-22T13:14:59.999000+00:00,0,,False,True,True,True,True,True,0.307832881118,,INVALID_GEOMETRY
TACUSDT_micro_1m_20_20260722T180000Z.json,TACUSDT,micro,2026-07-22T16:59:59.999000+00:00,breakout_retest:long:0,target,breakout_retest,,,long,geometry_rejected,STOP_TOO_TIGHT,geometry_rejected,,,,,,,,,,3.530522219655659,3.1261630564754346,4.0847048570168,0.8550535374917374,5.022292171622824,0.8453363061147625,0.9375873146060236,3.1261633389172254,target,0,,15,2026-07-22T17:14:59.999000+00:00,False,True,True,True,True,True,1.306619259208,,
TACUSDT_micro_1m_20_20260722T180000Z.json,TACUSDT,micro,2026-07-22T17:19:59.999000+00:00,breakout_retest:long:0,stop,breakout_retest,,,long,geometry_rejected,GEOMETRY_REJECTED,geometry_rejected,,,,,,,,,,2.039831065953728,1.5990343085541046,1.2321423545717944,1.5687268024076544,1.395673887231503,3.97230260212045,0.16353153265970866,-1.4389729387600358,stop,5,2026-07-22T17:24:59.999000+00:00,0,,False,True,True,False,False,False,0.770554045014,,INVALID_GEOMETRY
TACUSDT_micro_1m_20_20260722T180000Z.json,TACUSDT,micro,2026-07-22T17:39:59.999000+00:00,breakout_retest:long:0,missed_entry,breakout_retest,,,long,geometry_rejected,STOP_TOO_TIGHT,geometry_rejected,,,,,,,,,,3.309127790794504,2.8375248312201147,0.0,0.0,7.605188431475072,0.0,7.605188431475072,0.0,,,,,,,False,False,False,False,False,0.0,,
TACUSDT_standard_5m_24_20260722T180000Z.json,TACUSDT,standard,2026-07-22T09:59:59.999000+00:00,breakout_retest:long:0,stop,breakout_retest,,,long,geometry_rejected,STOP_TOO_TIGHT,geometry_rejected,,,,,,,,,,0.7775304893818888,0.3009999954510223,1.2009951181148697,1.0155378081723738,27.811667504813745,1.0167706399609118,26.610672386698873,-1.475464055637211,same_candle_ambiguous_stop_first,1,2026-07-22T10:04:59.999000+00:00,1,2026-07-22T10:04:59.999000+00:00,True,True,True,False,False,False,3.990017064005,,AMBIGUOUS_SAME_CANDLE
TACUSDT_standard_5m_24_20260722T180000Z.json,TACUSDT,standard,2026-07-22T13:59:59.999000+00:00,breakout_continuation:short:0,stop,breakout_continuation,break_continuation,breakout_continuation,short,retained_primary,VALID_GEOMETRY,primary,accepted,PULLBACK_PREFERRED,retest,True,mixed,moderate,64.61923731499789,44.624356,72.75,7.270756980676259,6.89747906097022,1.6615999841390194,1.5219043713920015,1.8291212530003182,11.432007831251969,0.1675212688612988,-1.378240453894466,stop,1,2026-07-22T14:04:59.999000+00:00,0,,False,True,True,True,False,False,0.240899605414,STRATEGY_OUTSIDE_ROUTE_PRIORITY|PREFERRED_DIRECTION_CONFLICT|ENVIRONMENT_ROUTE_WARNING|SCORE_AND_CONFLICT_REQUIREMENTS_MET,MODERATE_PROFIT_AVAILABLE_THEN_STOP
VANRYUSDT_environment_15m_20_20260722T180000Z.json,VANRYUSDT,environment,2026-07-22T02:59:59.999000+00:00,breakout_continuation:long:0,stop,breakout_continuation,,,long,geometry_rejected,STOP_TOO_TIGHT,geometry_rejected,,,,,,,,,,0.928740170070481,0.17781393941835788,1.5398436848425903,3.4131664675144617,18.57480340140939,7.297244193410906,17.0349597165668,-1.7497690665500434,same_candle_ambiguous_stop_first,1,2026-07-22T03:14:59.999000+00:00,1,2026-07-22T03:14:59.999000+00:00,True,True,True,True,False,False,8.659859231956,,AMBIGUOUS_SAME_CANDLE
VANRYUSDT_environment_15m_20_20260722T180000Z.json,VANRYUSDT,environment,2026-07-22T02:59:59.999000+00:00,range_reversal:short:0,stop,range_reversal,,,short,geometry_rejected,STOP_TOO_TIGHT,geometry_rejected,,,,,,,,,,8.225984363481272,7.479436479345195,4.133430043134864,3.1769494261246343,8.225984363481388,17.64606323133891,4.092554320346523,-1.752083554754139,stop,2,2026-07-22T03:29:59.999000+00:00,0,,False,True,True,True,True,True,0.552639233524,,INVALID_GEOMETRY
VANRYUSDT_micro_1m_20_20260722T180000Z.json,VANRYUSDT,micro,2026-07-22T17:19:59.999000+00:00,breakout_retest:long:0,missed_entry,breakout_retest,,,long,geometry_rejected,STOP_TOO_TIGHT,geometry_rejected,,,,,,,,,,5.478857622294199,4.328662778787241,0.0,0.0,8.116826107102504,0.0,8.116826107102504,0.0,,,,,,,False,False,False,False,False,0.0,,
VANRYUSDT_micro_1m_20_20260722T180000Z.json,VANRYUSDT,micro,2026-07-22T17:39:59.999000+00:00,breakout_retest:long:0,missed_entry,breakout_retest,,,long,geometry_rejected,TARGET_BELOW_MINIMUM_NET_R,geometry_rejected,,,,,,,,,,1.4382733771620602,0.9049035046652406,0.0,0.0,3.3131692728703435,0.0,3.3131692728703435,0.0,,,,,,,False,False,False,False,False,0.0,,
VANRYUSDT_standard_5m_24_20260722T180000Z.json,VANRYUSDT,standard,2026-07-22T09:59:59.999000+00:00,breakout_retest:long:0,missed_entry,breakout_retest,,,long,geometry_rejected,TARGET_TOO_DISTANT,geometry_rejected,,,,,,,,,,8.251347172143431,7.532718305351062,0.0,0.0,27.165973766749136,0.0,27.165973766749136,0.0,,,,,,,False,False,False,False,False,0.0,,
